condition,scenario,method,param,positive_cap,robust_model_count,trajectories,hit,peak,logloss,utility,weighted_utility,small_retention,medium_retention,large_retention,small_opportunities,local_violation_rate,effective_violation_rate,absolute_violation_rate,gate_us_p50,hit_low,hit_high,peak_low,peak_high,logloss_low,logloss_high,utility_low,utility_high,weighted_utility_low,weighted_utility_high,small_retention_low,small_retention_high,medium_retention_low,medium_retention_high,large_retention_low,large_retention_high,local_violation_rate_low,local_violation_rate_high,effective_violation_rate_low,effective_violation_rate_high,absolute_violation_rate_low,absolute_violation_rate_high,gate_us_p50_low,gate_us_p50_high
geolife_dd_nominal_bsp,geolife,bsp,0.1,,0,53,0.33805031446540884,0.2025894074381024,2.622490104698163,0.43564356435643564,0.10371142081479588,0.0,0.3404255319148936,0.5950413223140496,34,0.24488993710691823,0.24488993710691823,0.9469339622641509,32.24833018867925,0.26639827806122446,0.4096082589285715,0.19119015751159282,0.21219827166607722,2.395416904779611,2.859679760831163,0.35375277469478356,0.5161568409343715,0.06756331678544399,0.16790182277951274,0.0,0.0,0.20754716981132076,0.4754293520686963,0.5,0.6982792829775588,0.22680817610062892,0.2613688973063973,0.22680817610062892,0.2613688973063973,0.9073206786030062,0.9732156895777179,31.96502843137255,32.658038827742836
geolife_data_single_bsp,geolife,bsp,0.1,,0,53,0.1210691823899371,0.10667526197800872,3.2612456510384757,0.3069306930693069,0.058439643818921624,0.0,0.0425531914893617,0.49586776859504134,34,0.0007861635220125787,0.0007861635220125787,0.3553459119496855,31.796509433962267,0.06878526174620792,0.18796367603645228,0.10589867477577306,0.10732697584928683,3.1007990292944005,3.412582907070059,0.2524995463618218,0.3641321121846484,0.03666904021647889,0.09533401540148881,0.0,0.0,0.0,0.10875603864734294,0.4230769230769231,0.5882490379329302,0.0,0.0020833333333333333,0.0,0.0020833333333333333,0.3541666666666667,0.35751798115079364,31.595761500000002,31.984215853432282
geolife_hand_rbsp,geolife,rbsp,0.1,,9,53,0.2342767295597484,0.1675814306334777,2.814929941748739,0.4405940594059406,0.10137881478278152,0.0,0.2765957446808511,0.628099173553719,34,0.19103773584905662,0.19103773584905662,0.8211477987421384,263.30812264150944,0.16514854426619133,0.2999233490566038,0.16036403446909975,0.17443730667323046,2.59381039276855,3.034139311893948,0.36123050723413835,0.5153342675098208,0.06691507457909988,0.16161078167906426,0.0,0.0,0.1665983606557377,0.3947642543859649,0.5325678145440554,0.7109832114361702,0.17387462797619047,0.20753314393939395,0.17387462797619047,0.20753314393939395,0.7758206699346406,0.8598484848484849,262.89649279684096,263.80842491830066
geolife_data_rbsp,geolife,rbsp,0.1,,2,53,0.1285377358490566,0.10273622034963308,3.2759083165920706,0.18811881188118812,0.030487685019558505,0.0,0.0,0.3140495867768595,34,0.0019654088050314465,0.0019654088050314465,0.3565251572327044,95.16385849056606,0.07624444394049348,0.19119616596638653,0.10211283062533964,0.10339946313012928,3.0966319750807663,3.4412846589251083,0.14426280201203925,0.2347008475521356,0.0189551153020582,0.049815971647049796,0.0,0.0,0.0,0.0,0.25,0.3928841991341991,0.0,0.004902517825311942,0.0,0.004902517825311942,0.3541666666666667,0.3595833333333333,94.52855902033416,95.87427267647058
geolife_dfbsp_tau_0.125,geolife,dfbsp,0.1,0.125,0,53,0.30463836477987427,0.2125369275144421,2.595474631151076,0.5396039603960396,0.12971517307805713,0.0,0.425531914893617,0.7355371900826446,34,0.25707547169811323,0.25275157232704404,0.9764150943396226,38.54608490566038,0.24037782485875706,0.38138433564915325,0.2026860560354675,0.22148497412432255,2.391898191117561,2.802294628450287,0.47058028616852143,0.6060832202623248,0.08557647229906883,0.2089608182016247,0.0,0.0,0.30429726996966633,0.5556201550387596,0.6593300110741971,0.8151645658263305,0.24264487044817928,0.2700167326546003,0.2373468978937729,0.266156462585034,0.9622641509433962,0.9871794871794872,38.465039972047514,38.63890267857143
geolife_data_rdfbsp_tau_0.125,geolife,rdfbsp,0.1,0.125,2,53,0.12853773584905662,0.11097898490389946,3.223466115380758,0.297029702970297,0.059038083943239915,0.0,0.06382978723404255,0.47107438016528924,34,0.09237421383647798,0.0023584905660377358,0.5275157232704403,91.05496226415096,0.07514984402852051,0.19391339869281046,0.10994522090614854,0.11202103394627348,3.0549376520602975,3.3847201666278584,0.23400909942459522,0.35944700460829493,0.035260153072142926,0.0984514258926807,0.0,0.0,0.0,0.14584603658536585,0.3908238636363637,0.5555555555555556,0.08072548152515724,0.10339669648462022,0.0003654970760233918,0.004810049019607842,0.5019579402515724,0.5516717687074829,90.7341827928322,91.37988746998798
geolife_dfbsp_tau_0.25,geolife,dfbsp,0.1,0.25,0,53,0.2873427672955975,0.2116444364134245,2.4638232298824216,0.6237623762376238,0.17987493911854574,0.058823529411764705,0.5531914893617021,0.8099173553719008,34,0.2645440251572327,0.20400943396226415,0.9465408805031447,39.85693396226416,0.22766754850088183,0.357314403748921,0.20115766619705505,0.22174806004403994,2.266863566969873,2.668700203836656,0.5609558491418248,0.6789077375800588,0.13202361044667804,0.25079047437349106,0.0,0.13046338672768876,0.40540540540540543,0.7083333333333334,0.7387318087318088,0.8828852788959172,0.24803164308176098,0.2803448963317384,0.18624194182389936,0.2215216757999496,0.9195234461709212,0.966580065841195,39.51297696524063,40.21941571350762
geolife_data_rdfbsp_tau_0.25,geolife,rdfbsp,0.1,0.25,2,53,0.14819182389937108,0.13849524165591,2.840525248821493,0.5445544554455446,0.12136322039414052,0.0,0.2553191489361702,0.8099173553719008,34,0.16470125786163523,0.025157232704402517,0.7075471698113207,90.73045283018868,0.10888264503914775,0.1958453525641026,0.13243674288729282,0.145027418229066,2.673003300761905,3.010477539816962,0.4810652272384116,0.6,0.08475262154369269,0.18259373247681382,0.0,0.0,0.1481029810298103,0.38236858573216514,0.7433628318584071,0.8725534759358289,0.14342580782312925,0.18569891163092916,0.019131767290249433,0.03072033898305085,0.6454120710784313,0.7665112389295341,90.37308549528304,91.08741188157896
geolife_dfbsp_tau_0.5,geolife,dfbsp,0.1,0.5,0,53,0.3482704402515723,0.23359121663364243,2.321761709421657,0.7376237623762376,0.3086575066014061,0.35294117647058826,0.6808510638297872,0.8677685950413223,34,0.28773584905660377,0.16666666666666666,0.8954402515723271,40.03840566037736,0.2749049880368814,0.4236142113095238,0.21659673980486793,0.2485065541149399,2.1420516581618014,2.5108949234125153,0.6666666666666666,0.8009823101509975,0.22169745482765965,0.44772936111176564,0.21951219512195122,0.5151759530791788,0.5217164855072464,0.8048780487804879,0.8015843837535015,0.9197592592592593,0.26522352430555557,0.3104642521902378,0.14210397700746966,0.19500904088050314,0.8545729166666667,0.9287696634806849,39.79697594339623,40.264040344062145
geolife_data_rdfbsp_tau_0.5,geolife,rdfbsp,0.1,0.5,2,53,0.21226415094339623,0.17070004985996,2.6271208545349474,0.6881188118811881,0.2596946208095541,0.23529411764705882,0.6382978723404256,0.8347107438016529,34,0.1470125786163522,0.020047169811320754,0.6529088050314465,87.43647169811322,0.15563397233893556,0.2666840277777778,0.15615168954886186,0.18837861296920777,2.4721577484912602,2.788897796079638,0.6051190476190476,0.7636441669918065,0.17210918005572243,0.40328830394316617,0.1,0.39409090909090894,0.48887596899224806,0.7619360902255639,0.7541908797417272,0.9126404709120098,0.1303079044117647,0.16444024725274725,0.014030407836211407,0.02644314236111111,0.6033155864197531,0.7022270114942529,87.12760896226415,87.83312155585106
geolife_dfbsp_tau_1.0,geolife,dfbsp,0.1,1.0,0,53,0.3777515723270441,0.25460346733500555,2.219153716538276,0.7574257425742574,0.4453158955743824,0.4411764705882353,0.7021276595744681,0.8677685950413223,34,0.37971698113207547,0.24056603773584906,0.8938679245283019,38.64504716981132,0.3043070409982175,0.4477575386215092,0.23401447006561307,0.2778888211680273,2.030499762431925,2.4070957555108876,0.6899465317919075,0.8219227476290832,0.3015544576498137,0.6631941050501643,0.2894590643274854,0.6296296296296297,0.5575797872340426,0.8292812662169174,0.8034153005464482,0.918938646675873,0.3462954091325996,0.41203819444444445,0.2015149882445141,0.2781884628851541,0.8619778901143791,0.9233371212121212,38.56436916195856,38.72753688461538
geolife_data_rdfbsp_tau_1.0,geolife,rdfbsp,0.1,1.0,2,53,0.25196540880503143,0.20652512405480458,2.4825961188035635,0.7475247524752475,0.4628191771666699,0.4117647058823529,0.574468085106383,0.9090909090909091,34,0.15723270440251572,0.030660377358490566,0.6875,87.24408490566037,0.20123177083333335,0.3025040064102564,0.18119656800995648,0.23305439944434506,2.282864291665532,2.6945189775087486,0.6847683066361556,0.8037823380665241,0.3139253677676124,0.6502965954498697,0.23076923076923078,0.6190476190476191,0.44997448979591836,0.7021276595744681,0.8561137453673425,0.9574602181298052,0.13999559294871797,0.1743961579642792,0.022435141509433962,0.03896846064814814,0.6352124183006536,0.7397662480063796,87.02868325,87.45270208782743
walk_new_bsp,walk,bsp,0.1,,0,80,0.04913332977223586,0.07052401021724589,3.4458412210489824,0.555956678700361,0.12331838917110936,0.0,0.288135593220339,0.8404907975460123,55,0.0,0.0,0.0,30.847649999999998,0.03306200529089296,0.06657083314518723,0.06907832213717674,0.07190909685660621,3.3535220580722633,3.5524574677236327,0.49469964664310956,0.608406731676628,0.098804343339922,0.15641071048255575,0.0,0.0,0.17851890756302521,0.3940115440115439,0.7904191616766467,0.8875828912466843,0.0,0.0,0.0,0.0,0.0,0.0,30.690703125,31.081367343749996
walk_new_dfbsp_tau_0.125,walk,dfbsp,0.1,0.125,0,80,0.07826031389921997,0.0763460946537278,3.328464097561832,0.6137184115523465,0.14779645579956502,0.0,0.5084745762711864,0.8588957055214724,55,0.07760416666666667,0.0,0.21145833333333333,37.99564375,0.06011799187186023,0.09819523985875675,0.07439208719262208,0.07839472454943167,3.2496604579233126,3.39753165239829,0.5518518518518518,0.6679211162972556,0.11655573668960043,0.18893439501866052,0.0,0.0,0.39992063492063495,0.6271664844177145,0.8053532425241253,0.904205873966353,0.06927083333333334,0.0859375,0.0,0.0,0.18123046874999998,0.23907552083333333,37.914818437499996,38.07414421875001
walk_new_dfbsp_tau_0.25,walk,dfbsp,0.1,0.25,0,80,0.06420621393928827,0.08873001509557568,3.2330218103424264,0.7148014440433214,0.19237141084930473,0.01818181818181818,0.7966101694915254,0.9202453987730062,55,0.0765625,0.0,0.27708333333333335,38.1590875,0.04996159648413481,0.07862131252590462,0.08527152445103142,0.09247454366067803,3.1414869809307207,3.322714884519818,0.6552840909090909,0.7667844522968198,0.15179599768998106,0.24488787530345613,0.0,0.058823529411764705,0.7048876745598057,0.8813808574277168,0.875,0.9567901234567902,0.06770833333333333,0.08516276041666666,0.0,0.0,0.24294921875,0.3140625,38.0794021875,38.23324890625
walk_new_dfbsp_tau_0.5,walk,dfbsp,0.1,0.5,0,80,0.10773779738589365,0.10771913940308457,3.123277060089694,0.8050541516245487,0.43065411461727504,0.5636363636363636,0.7966101694915254,0.8895705521472392,55,0.084375,0.0,0.33932291666666664,37.94584375,0.08869320928622734,0.1294415126088429,0.1020839118212833,0.11343585104753597,3.0382896996849893,3.2119293884491036,0.771860018184824,0.8369585346215781,0.3309515725112947,0.5564665833118131,0.4166666666666667,0.698120694818808,0.7142857142857143,0.8710189452124936,0.8475484218077475,0.9306750269422945,0.0765625,0.09296875,0.0,0.0,0.30676432291666667,0.37370442708333335,37.888090156249994,38.005089218749994
walk_new_dfbsp_tau_1.0,walk,dfbsp,0.1,1.0,0,80,0.11765231873402715,0.11736847334480353,3.068794244277126,0.851985559566787,0.6704317580459003,0.6727272727272727,0.8135593220338984,0.9263803680981595,55,0.08619791666666667,0.0,0.3611979166666667,38.1418625,0.09559376536819034,0.13993918122171445,0.1092078415622298,0.12497200352204471,2.9747953497287907,3.16457197313508,0.8007380073800738,0.8964377859684799,0.5301584787681393,0.8164607808231935,0.520775462962963,0.8167045454545454,0.711491935483871,0.9130987472365512,0.8915472233762637,0.9600056818181818,0.078125,0.09348958333333333,0.0,0.0,0.3268229166666667,0.39220703125,38.05500281250001,38.224460156250004
