condition,method,param,side,n_clusters,hit,hit_low,hit_high,peak,peak_low,peak_high,covered95,covered95_low,covered95_high,error_cells,error_cells_low,error_cells_high,logloss,logloss_low,logloss_high,ece,ece_low,ece_high,gate_us_p50,gate_us_p50_low,gate_us_p50_high,gate_us_p95,gate_us_p95_low,gate_us_p95_high,utility,utility_low,utility_high
move_true_0_none,none,1.0,8.0,10,0.5098592076663255,0.45040513598143,0.5742519422101438,0.49970754403829803,0.4517232987408063,0.5502415380886471,0.9817708333333334,0.9682291666666666,0.99375,1.2079047173210369,1.028038749042081,1.3833646572809966,1.594325679195577,1.3580437655225166,1.8229937295124043,0.10572796439572378,0.08036500453476629,0.13096440684508096,2.1844124999999996,2.168811875,2.204736875,2.58205375,2.5003588125,2.7175909062499994,1.0,1.0,1.0
move_true_0_random,random,0.5,8.0,10,0.19946949450155035,0.13300583902226915,0.27405865239591787,0.21312191970106348,0.15891850508109442,0.2713343462552449,0.959375,0.9317578125000001,0.9817708333333334,2.2999110294681495,2.075340840742869,2.524225855307957,2.8378628409942315,2.5623183787052612,3.1101318736780934,0.11038884413773178,0.09134774810005857,0.13087798657353664,2.1780375,2.1667,2.1900090624999997,2.53661375,2.4872334374999996,2.6011763749999997,0.42857142857142855,0.3725456389452333,0.4961614173228346
move_true_0_bsp,bsp,0.1,8.0,10,0.06488677041997357,0.0452637808986442,0.08410896680720903,0.07837014065862885,0.0759797306396224,0.08091259825158792,0.9635416666666666,0.9145833333333334,0.9937499999999998,2.530353727427472,2.248145291226387,2.8252357420802054,3.0671009336849915,2.9084406211614433,3.235228593197843,0.0440644417181435,0.03256445534730259,0.055709303832154736,17.544337500000005,17.382885625000004,17.740115,19.542185,18.664101468749998,20.559019499999998,0.4444444444444444,0.32406574740207833,0.5610489638730973
move_true_0.1_none,none,1.0,8.0,10,0.28043046678429845,0.23169073996244208,0.33200811564532573,0.2726606605206266,0.2484447306133162,0.3001395683571349,0.9697916666666666,0.95625,0.9833333333333334,1.509379520543315,1.3293583923976324,1.6878286671048388,2.3694780243376066,2.2117770826939025,2.5499060817184613,0.19278257698091866,0.16665844300678542,0.22131969208332625,2.2734,2.231075625,2.312525625,2.8010825,2.7048091249999997,2.89431309375,1.0,1.0,1.0
move_true_0.1_random,random,0.5,8.0,10,0.11004180882378964,0.07515104192509958,0.14789781892509313,0.12082600380955881,0.10004727029829466,0.14447088088365664,0.9427083333333333,0.9166536458333333,0.9703255208333333,2.583259747804941,2.3115027016238217,2.8581065713005245,3.3513714923338966,3.1454836744371106,3.567432138132918,0.1176455627729606,0.09006519396715511,0.1487202604396041,2.3583125,2.3281246874999995,2.3884396874999996,3.1804024999999996,2.904669906249999,3.47012478125,0.4222222222222222,0.3673469387755102,0.48612647492625366
move_true_0.1_bsp,bsp,0.1,8.0,10,0.08107877404153865,0.04809220608868968,0.11730299368326237,0.07480634085050493,0.07301915387662514,0.07670112290413839,0.9635416666666666,0.9380208333333334,0.9838541666666666,2.7510280891115118,2.3935078447497853,3.1411509385617307,3.2966662250704353,3.131678063403816,3.449958248373362,0.09866498005040372,0.07656959933700523,0.12918126569965574,17.629625,17.348349375,17.964116250000004,21.151269999999997,19.24150040625,24.129238249999997,0.45925925925925926,0.3247175141242938,0.5895616342746698
move_true_0.6_none,none,1.0,8.0,10,0.11465666281962769,0.09287883153787878,0.13648353989750583,0.10516924506096206,0.09351203817682689,0.11606099631063267,0.9677083333333334,0.9505208333333333,0.9822916666666666,2.272465089905198,2.123911337923748,2.4456329769981324,3.1649624452841403,3.0618183302728625,3.2775946847546846,0.0912826880427523,0.07935745377680706,0.10341819361616134,2.1786375,2.1624509375,2.1978628125000004,2.6128112499999996,2.5551340937499996,2.690284374999999,1.0,1.0,1.0
move_true_0.6_random,random,0.5,8.0,10,0.06807865243302355,0.05012895832177689,0.08463072633263498,0.061371635405889725,0.05477284140842616,0.06748380044658332,0.9682291666666666,0.9572916666666668,0.978125,2.9240714899649345,2.66582523684538,3.1941107933698265,3.5586621187688605,3.45053146169194,3.6598637166066683,0.06348730226792854,0.05312045297518271,0.07555530904175037,2.1858999999999997,2.1754243749999995,2.196825,2.5843137499999993,2.5335213750000003,2.6541694374999993,0.46206896551724136,0.4076503759398496,0.5147113696224758
move_true_0.6_bsp,bsp,0.1,8.0,10,0.045635051097815724,0.03227269086888227,0.05983022941877371,0.06013625648003279,0.05826461737476648,0.061880539059743896,0.9333333333333332,0.9083333333333334,0.9573046875000001,3.2167756940946868,2.9443356238931795,3.4813202355917037,3.652439611621515,3.5836775083336883,3.720993151462368,0.049884953128220326,0.04023989870564814,0.05757962492174077,17.4546875,17.372412500000003,17.574438750000002,19.18530875,18.766801749999996,19.757121781249996,0.5862068965517241,0.5163934426229508,0.6521739130434783
move_true_0.9_none,none,1.0,8.0,10,0.08567437340765079,0.06324666442464737,0.1076298276567922,0.08346598171747818,0.07544710572152219,0.09245369685272818,0.9593749999999999,0.9307291666666666,0.9791666666666666,2.484773007946543,2.2441288266657846,2.711058497667294,3.3239118930841576,3.1934687966626734,3.431513558500086,0.06696755569251717,0.05530444178630896,0.07978002169505138,2.2354249999999998,2.19476375,2.2849265625,2.8149612499999996,2.6717509374999997,2.968713875,1.0,1.0,1.0
move_true_0.9_random,random,0.5,8.0,10,0.06596950290199902,0.047292620464366955,0.0910405158986566,0.04652235219090127,0.04094688722072528,0.05367121076660995,0.9697916666666666,0.9531250000000002,0.9833463541666667,3.1054181103572125,2.8512791316416677,3.3291558630638285,3.7145956678937315,3.598050886480053,3.7966502227270458,0.050391393272869,0.037062043049753184,0.0683228641647457,2.2151125,2.1910515625,2.242775,2.6790999999999996,2.59689559375,2.77678596875,0.4461538461538462,0.38596145876502275,0.4962976480129765
move_true_0.9_bsp,bsp,0.1,8.0,10,0.07158813664074501,0.054351787472731575,0.08957440153253139,0.054300598217885465,0.052188529660863826,0.05632822573877053,0.9692708333333332,0.9567708333333333,0.9796874999999998,2.9267866816281027,2.7403389767321666,3.1046875126484905,3.54827865737105,3.4683555051949884,3.6125978780137253,0.04794037535986236,0.034945580284397856,0.06134131317588731,17.7203375,17.5089465625,17.9171646875,19.90022375,19.15171625,20.70162684375,0.6615384615384615,0.5433070866141733,0.7519429536871397
delivery_0.5_none,none,1.0,8.0,10,0.08173884546845749,0.06142314420741412,0.10265176964542895,0.09050609886461694,0.07387855589054022,0.10579933171620047,0.9723958333333332,0.9567708333333333,0.9838541666666666,2.635693580724392,2.3529747804963397,2.918632618782585,3.383105249463585,3.2527284263746954,3.5105740744589355,0.08287876706681355,0.06435072765293892,0.10389130864930908,2.2036249999999997,2.173389375,2.2411874999999997,2.7182637499999998,2.5861546250000003,2.8707366874999996,1.0,1.0,1.0
delivery_0.5_random,random,0.5,8.0,10,0.04516254958552098,0.02453979481319476,0.06628847602846337,0.052088266478905,0.041319081230262414,0.06361393641228939,0.9671875,0.9505078124999999,0.9833463541666667,3.367708308326029,3.088699803832139,3.671879192386419,3.7655264539692865,3.6580425297505093,3.8751537652693764,0.04660766107777859,0.03559963282714903,0.05968576955910479,2.1791250000000004,2.164961875,2.1994265625000007,2.6608425,2.5395702500000006,2.8475071562499994,0.4625,0.3845890410958904,0.547945205479452
delivery_0.5_bsp,bsp,0.1,8.0,10,0.05240922419034819,0.0384029541015625,0.06595399276387022,0.04650862080484813,0.04138016119821298,0.05095073031696958,0.9666666666666666,0.9421875,0.9854166666666668,2.9807253161862675,2.6723084846559075,3.2562529053674925,3.665219906810978,3.5616800743445185,3.758858367243995,0.05301579562130898,0.041104142449823876,0.0650627149802536,17.426550000000002,17.362548125,17.514478125,19.1955275,18.788181125,19.727268156250002,0.625,0.5142757936507936,0.7241663508904888
delivery_0.7_none,none,1.0,8.0,10,0.142736672369817,0.10920872876382115,0.18908318040622718,0.13002277780389468,0.1115629975833169,0.14703037354498835,0.9739583333333334,0.9604166666666666,0.9859375,2.081129543557477,1.845038619211897,2.313077966990386,3.040353817735437,2.894842107338034,3.201575709202984,0.11847735706104912,0.09431865099576794,0.14973258710466145,2.1759625,2.1560993749999997,2.19678875,2.6296925000000004,2.5646073125,2.6957863124999997,1.0,1.0,1.0
delivery_0.7_random,random,0.5,8.0,10,0.06300502756471772,0.031843257962419214,0.09968672391854916,0.07155470520341281,0.06140950957478533,0.08193285402554162,0.9640624999999998,0.946875,0.9796875,2.952756641673225,2.7269717534417635,3.1929588690120765,3.601406639751732,3.490456927460836,3.709879313537198,0.07545509889031801,0.05744040578267407,0.09711389344060935,2.227675,2.2032490625,2.2553131250000003,2.7122374999999996,2.6383082499999997,2.7858664374999997,0.4649122807017544,0.4056603773584906,0.516525974025974
delivery_0.7_bsp,bsp,0.1,8.0,10,0.07572948502037465,0.04768195258246528,0.10795063034034179,0.05811903343414652,0.05490785831885951,0.061058360683336116,0.9494791666666667,0.9223958333333332,0.9708333333333332,3.026417322378904,2.736276407842791,3.4148215146035197,3.5841881767060064,3.4458048784665185,3.7464900252057998,0.06936736769420097,0.055572236470567,0.08519816587641357,17.353150000000003,17.287499062499997,17.4298009375,18.94931,18.5841505625,19.436983687499996,0.5701754385964912,0.4272390572390572,0.6870348282442749
delivery_1.0_none,none,1.0,8.0,10,0.18801236112046465,0.13484823645715888,0.25199902753941805,0.18248450374929365,0.15569805110906754,0.20851470377510078,0.9640624999999998,0.9421744791666666,0.9817708333333333,1.8022489650773597,1.582118635411758,2.008196698657328,2.763917252576201,2.60265829560893,2.908027641321017,0.13661455356248406,0.10964383126508179,0.17091291387214994,2.302525,2.240563125,2.3660128125,2.9283262499999996,2.720836125,3.1668516874999995,1.0,1.0,1.0
delivery_1.0_random,random,0.5,8.0,10,0.09059378718472734,0.0636956550428318,0.11884964909211528,0.08553328097600646,0.070725745209816,0.10089866948262252,0.9645833333333332,0.9468619791666665,0.9802213541666666,2.8121354252819524,2.5677829761282034,3.0535383133417016,3.4466627487126376,3.3258496964621758,3.56515517284283,0.0843343149047759,0.07339956667312168,0.09836374082752615,2.36255,2.3358653125000006,2.3923015625,2.9264175,2.7937505312499997,3.1001849375000003,0.4726027397260274,0.40539296965677335,0.5419944365377151
delivery_1.0_bsp,bsp,0.1,8.0,10,0.09370681223598312,0.050540836009337925,0.14323257692658997,0.07177732473811824,0.0702448593873579,0.07343839236263988,0.9567708333333333,0.9390494791666667,0.9729296875000001,2.710926813171716,2.485123014249496,2.998388095233374,3.305571101400787,3.210267292424271,3.3934821580566856,0.08415278843708307,0.05585944278429376,0.11909999554586821,17.656725,17.4973746875,17.852030312499995,19.55164125,18.8726798125,20.33465165625,0.4863013698630137,0.35657272368939696,0.5840889095896082
willing_0.4_none,none,1.0,8.0,10,0.07002455998093654,0.05438008354895247,0.0869300645819892,0.07911608448289358,0.06892917925477178,0.08972646532821511,0.9526041666666666,0.9385416666666668,0.9651041666666668,2.8253220555321015,2.5567712269382397,3.1291980561368726,3.5018519089411377,3.3698550055154306,3.624861567550955,0.07311556233060776,0.05852107079760242,0.08902049615888577,2.2041375000000003,2.1890228125,2.2213465625,2.63783375,2.567128625,2.70861184375,1.0,1.0,1.0
willing_0.4_random,random,0.5,8.0,10,0.04547876982361622,0.018595830664266715,0.07406785968244596,0.049696731095610076,0.04034448303201677,0.06017088155468656,0.9604166666666666,0.9302083333333332,0.9833333333333332,3.3379964889963327,3.012393494673484,3.7918943608869413,3.789271814632656,3.6439177335745465,3.9178740691576674,0.056572363255133554,0.04077113069944578,0.07509832755313957,2.2146375,2.1974371875000003,2.2350225000000004,2.65403375,2.59212490625,2.7418201562499998,0.5441176470588235,0.44047619047619047,0.6667857142857141
willing_0.4_bsp,bsp,0.1,8.0,10,0.04050156876706776,0.019917489719342037,0.06550850810701885,0.05155014915605728,0.04731363747750379,0.05513401944400126,0.9640625,0.9473958333333334,0.9791796875000001,3.2227497625011416,2.819847688914925,3.6825720055082227,3.632159979911646,3.541998925444047,3.723736579751194,0.05566940944892283,0.042133404153018424,0.07192759031726752,17.308925,17.2724615625,17.346488125,18.58370375,18.4009805,18.771554937499996,0.7647058823529411,0.6785426267281106,0.8382352941176471
willing_0.6_none,none,1.0,8.0,10,0.11412367567439666,0.07927798320623944,0.14691884415692755,0.1191212601198018,0.09603811278288957,0.14042226123518667,0.9614583333333334,0.9390625000000001,0.9802213541666666,2.3291562402087416,2.0075433973095613,2.7002697342435136,3.14842884180974,2.973832472745428,3.3279790248883443,0.10204645406854027,0.08166176408977227,0.12386001266041795,2.2572625000000004,2.2218493749999997,2.3015865625000003,2.81118875,2.65401,3.01749571875,1.0,1.0,1.0
willing_0.6_random,random,0.5,8.0,10,0.07376497074653589,0.05005681059944454,0.0974704400106126,0.06997464507716729,0.057711395471513716,0.08351011119229147,0.9442708333333332,0.9119531249999999,0.9734505208333333,2.9400738949868037,2.6865628777086377,3.190366616775498,3.617435551315091,3.4491282593042087,3.7739568954885603,0.06921481335348607,0.054112885975515265,0.08570174406043372,2.221375,2.2031746875000002,2.2388781250000003,2.7016525,2.6108987187499997,2.8032554687499998,0.5196078431372549,0.45098039215686275,0.5984016393442623
willing_0.6_bsp,bsp,0.1,8.0,10,0.09033178123399897,0.06965118423829127,0.11197689577132934,0.06039550968639675,0.057090998106337575,0.06357093531546713,0.9546875,0.9265625,0.9776041666666668,2.7657436413187693,2.557865484413375,3.0016322712269674,3.5154065715002125,3.3994102401804516,3.642628866415553,0.08046862801031143,0.06505881309842665,0.0959457503322204,17.4973875,17.434361875,17.5640871875,19.305913750000002,18.799277437500002,19.857753562499997,0.5882352941176471,0.47822023567655425,0.6875538793103447
willing_1.0_none,none,1.0,8.0,10,0.19387526351500278,0.14538294366919158,0.2638177898598006,0.20285072369931859,0.180928977411795,0.22402532805311623,0.9682291666666666,0.9536458333333334,0.9822916666666666,1.6813058275534583,1.4686858007774906,1.880728842618279,2.6572040657585965,2.46774381404181,2.842012821978586,0.14438484298671977,0.11041430737703516,0.18922976395663563,2.2077875,2.19105,2.2249753125,2.6203525,2.5506499687499997,2.7020865624999995,1.0,1.0,1.0
willing_1.0_random,random,0.5,8.0,10,0.1084848988437805,0.07831684035720497,0.14385655757326635,0.10366342854749719,0.09143379194359763,0.1157026861291998,0.9661458333333334,0.9551953124999999,0.9765755208333335,2.322555906288521,2.20473499950395,2.435826544133776,3.250961655572109,3.1650360473819505,3.3337271720015225,0.10034719584093388,0.08341564620817501,0.12321239974051452,2.2312000000000003,2.2155871875,2.2473015625,2.6557799999999996,2.590047,2.7233264687500003,0.48,0.4309370224520983,0.5380124904652936
willing_1.0_bsp,bsp,0.1,8.0,10,0.06270276131005717,0.043194254286441,0.08036507159374866,0.0731285294219127,0.07113697696251747,0.07552190995894134,0.9734374999999998,0.9625,0.9848958333333334,2.5947517592425515,2.3572993081726925,2.87912184191158,3.2705474585291308,3.152685894927651,3.3714118558592014,0.06607784151860119,0.053924566031295335,0.07882796034158866,17.3656875,17.28593625,17.450123437499997,18.75769875,18.443403,19.087982937499998,0.4685714285714286,0.4111094069529652,0.5384969325153374
on_time_0.5_none,none,1.0,8.0,10,0.09836999348262004,0.07328913743592491,0.12452705043705566,0.09428310017570704,0.0801226026799557,0.10770525355891843,0.9697916666666666,0.9484375,0.9864713541666668,2.5234521839404143,2.291837330269566,2.81245907053514,3.303025415332219,3.1993667142778466,3.4031697710880837,0.08902121087890703,0.07388535365059115,0.10414462659823999,2.21145,2.2015621875,2.22143375,2.5935637499999995,2.56121953125,2.62802403125,1.0,1.0,1.0
on_time_0.5_random,random,0.5,8.0,10,0.06651671625218766,0.036750824627975597,0.09803697339326756,0.058885036072304095,0.04551154197614351,0.07303499753156471,0.9796875,0.9677083333333334,0.9901041666666666,3.173042428873631,2.9404988304161264,3.4283308321862775,3.652582781385097,3.5145540281336625,3.7843226840310917,0.06258154785494226,0.04472746255906947,0.08741197812523586,2.2156875000000005,2.1978696875,2.2359628125000004,2.6894,2.59144609375,2.7877890312499995,0.5,0.42306338028169016,0.5866875
on_time_0.5_bsp,bsp,0.1,8.0,10,0.04898066309577146,0.025811612568204367,0.0808989340526127,0.051297399320754646,0.04715075768604642,0.055127316724706804,0.9848958333333334,0.9770833333333334,0.9921874999999998,2.980611902274539,2.8360915601782137,3.165384254685999,3.580438251100096,3.5313566439502666,3.634775073106147,0.05844541709021511,0.043592087272922714,0.07856669864159233,17.4344875,17.355325,17.54763875,18.6408625,18.36709134375,19.059568531249997,0.65,0.5312263257575758,0.75
on_time_0.7_none,none,1.0,8.0,10,0.11901486279469384,0.0760515759467058,0.17144691140536328,0.12257611326760014,0.10412857637183456,0.14046033311727124,0.9682291666666666,0.9505078124999999,0.9848958333333332,2.2409920102582257,1.9525552635830743,2.517579740421197,3.077866062981013,2.935564358768382,3.2245147607412337,0.10810792915687288,0.08122493193835426,0.14401222728725258,2.259325,2.2119121875,2.3113500000000005,2.77625625,2.6306946875,2.9326078437499996,1.0,1.0,1.0
on_time_0.7_random,random,0.5,8.0,10,0.07164941413879179,0.04975249571508236,0.09783411103787577,0.06678270324606905,0.05356779165359291,0.08139125389988443,0.9635416666666666,0.946875,0.9802083333333332,2.960545268267126,2.736484465105564,3.1623159790341058,3.6229082808082254,3.5016237239940944,3.7377072141045273,0.07260915451478797,0.05445061430923996,0.09331661982403879,2.3673125,2.3505990625,2.3844628125000003,3.0186425,2.9048012812499997,3.1484683124999995,0.5,0.439989010989011,0.5535935289957568
on_time_0.7_bsp,bsp,0.1,8.0,10,0.08999411795688257,0.06551754091428517,0.11508227899502235,0.06081167615365688,0.058963110024402784,0.0628637777895583,0.9645833333333332,0.9499869791666665,0.9791666666666666,2.759232572325264,2.4702538838172443,3.1071889844910983,3.4478860855715796,3.368863448147864,3.546753795391663,0.0752584325423354,0.058764560087330726,0.09234786875158218,17.93175,17.6655853125,18.1724528125,20.74820875,19.539206375000003,22.135604375,0.5925925925925926,0.50812066925807,0.6730921052631579
on_time_1.0_none,none,1.0,8.0,10,0.20803385582945935,0.1564519643683122,0.2687430591130791,0.18289353991178367,0.15272844630526122,0.21318574639031976,0.9744791666666666,0.9583333333333334,0.9869791666666667,1.8179030301508905,1.5788767523317042,2.038463223278731,2.754708429192246,2.5762359515411593,2.9561882466371916,0.12874452253572544,0.10594498414910895,0.16097266364172216,2.2176875000000003,2.1948475000000003,2.2447746875,2.63409125,2.539078125,2.7684664687500002,1.0,1.0,1.0
on_time_1.0_random,random,0.5,8.0,10,0.10582816218472732,0.08664005590389724,0.12746679715619083,0.0934697272703845,0.07824886498081723,0.10956728941514914,0.9697916666666666,0.9546875,0.9843749999999998,2.5847414064993397,2.474263861121559,2.7014942785111575,3.3614855335596006,3.2743691415277856,3.447460458501123,0.08808504473408554,0.07541116886608068,0.1058236220721525,2.2124625,2.196838125,2.2291859375,2.63770125,2.5782925312500002,2.7070287499999997,0.49032258064516127,0.4534865665174057,0.5323980815347722
on_time_1.0_bsp,bsp,0.1,8.0,10,0.08753256041720003,0.04239929338811017,0.14405968042371373,0.07144670178223378,0.06865683626182464,0.07429877968655457,0.9552083333333332,0.9343750000000002,0.9744791666666668,2.67154229902287,2.3371442152083466,2.9885167502305334,3.3092282426674737,3.1933070744076475,3.414286409599644,0.08492009396935843,0.05556347637860057,0.1250419159494921,17.545237499999995,17.500500000000002,17.5963290625,19.523088750000003,19.032732531249998,20.048809812499996,0.4967741935483871,0.37983788830419285,0.5944227551589514
alpha_model_0.3_none,none,1.0,8.0,10,0.16942962251099908,0.12238035949650926,0.217405709555316,0.1400872013522145,0.11487235491516908,0.16354686733994345,0.975,0.9609375,0.9875,1.8544811673595234,1.631495703914961,2.0597676014568647,2.9179207255903576,2.746074086166101,3.12035041837737,0.13413436311141105,0.10635498588920514,0.16318502487771072,2.2036625,2.1911125,2.2157128124999996,2.5835725,2.5351434999999998,2.6312806562499995,1.0,1.0,1.0
alpha_model_0.3_random,random,0.5,8.0,10,0.08530702822609339,0.05447320021831835,0.11278461137792811,0.08204250889340389,0.06517111423195658,0.09927299555028013,0.9677083333333334,0.95,0.9854166666666666,2.7471920502545895,2.5361035379012864,2.942612268384028,3.4445326876327322,3.348914777160425,3.5621983841114426,0.08480944885274479,0.06313952037215564,0.10499446009082324,2.2250375,2.2057490625,2.2547634375,2.6394124999999997,2.54308846875,2.78378390625,0.4782608695652174,0.4260766745005875,0.529802560047445
alpha_model_0.3_bsp,bsp,0.1,8.0,10,0.06637318955079792,0.039840003864414,0.09478955765669,0.05876879653105127,0.054880615395960564,0.06289779276964898,0.965625,0.9494661458333333,0.9822916666666666,2.491158944354642,2.2517329050138786,2.7887889582378014,3.3911596362943905,3.2688353264417818,3.508673217124611,0.05693488634375212,0.037244082265511416,0.08065837559507484,17.44325,17.365149375000005,17.539712499999997,20.151991250000002,18.731064500000002,22.697755093749997,0.572463768115942,0.4473412353197042,0.68
alpha_model_0.9_none,none,1.0,8.0,10,0.1410568133178774,0.10986645069670949,0.18446916795053733,0.19634682821729382,0.1769617087572754,0.21654661760320496,0.9135416666666668,0.8864583333333333,0.9380208333333334,2.066470955825306,1.8150453039806347,2.287492731064466,3.0517933314140584,2.8464287727865836,3.231198566310439,0.12385144808198209,0.1108102959407231,0.13849155148601489,2.2422125,2.2218765625000003,2.27092375,2.6174124999999995,2.55166096875,2.7093002499999996,1.0,1.0,1.0
alpha_model_0.9_random,random,0.5,8.0,10,0.08958982945013101,0.061808910679048014,0.11853725399828009,0.09319440074378259,0.0824615120475913,0.1067525877748424,0.9604166666666668,0.9432291666666668,0.975,2.687814567647448,2.4546768273345254,2.9167139808322906,3.4216859166313895,3.318321302259693,3.51100309007323,0.0789685793629311,0.0676245665669438,0.08874537181497984,2.2120625,2.1979018750000003,2.2266006250000006,2.62902625,2.5747595624999997,2.6837914374999996,0.4782608695652174,0.4260766745005875,0.529802560047445
alpha_model_0.9_bsp,bsp,0.1,8.0,10,0.053481084910646404,0.02580100311079,0.09108715470290098,0.07350092533285701,0.07149112415223491,0.07528549115965957,0.9229166666666666,0.8968619791666665,0.946875,2.9821693726662644,2.780156600942259,3.2026153845694267,3.5395777900737757,3.447189773538762,3.643683175555716,0.0732050132189119,0.059757548480204495,0.09621821121978687,17.545825,17.477037499999998,17.6489290625,19.02847625,18.71197853125,19.47275328125,0.427536231884058,0.34644912174439735,0.4962419938735728
move_model_0.05_none,none,1.0,8.0,10,0.14880601191411547,0.10265330312308714,0.19214997863778382,0.294811608892915,0.25001185706255274,0.3402573155887388,0.8145833333333334,0.7890625,0.8385416666666666,1.9284125033786967,1.7305756470068223,2.126786361381221,3.292406899328788,3.0676310990278033,3.494947289932527,0.21908460016063774,0.18626313286518542,0.25889069117067526,2.1989625,2.184475,2.2150259374999997,2.6047037499999997,2.5250721250000003,2.69461625,1.0,1.0,1.0
move_model_0.05_random,random,0.5,8.0,10,0.0784524707465359,0.060108891368073965,0.10020146835662544,0.15172360330719675,0.11882480397910579,0.18542839577247064,0.8432291666666668,0.8088151041666667,0.8833333333333332,2.7547762370042066,2.5918654599817037,2.9240295343781812,3.7944976806017756,3.670539017696837,3.91581350486649,0.12943448557516796,0.1040266601892787,0.1562272932318255,2.2333624999999997,2.216675,2.2489384375,2.648575,2.5766529999999994,2.73275034375,0.4782608695652174,0.4260766745005875,0.529802560047445
move_model_0.05_bsp,bsp,0.1,8.0,10,0.04761306223598311,0.03373206610223054,0.060382583360335064,0.07716136859251609,0.07474462707788983,0.07976864314608353,0.8567708333333334,0.8229166666666667,0.8875,3.151254109114326,2.8632992375587274,3.448591505507774,3.674477976683206,3.5227406305111404,3.8147799435723204,0.062790198457566,0.04915174068096555,0.07790915860921369,17.386375,17.338375625,17.438462812499996,19.09926125,18.6653779375,19.538560718750002,0.47101449275362317,0.3412698412698413,0.5898387096774192
move_model_0.8_none,none,1.0,8.0,10,0.1629336160807821,0.13179821526540925,0.1955009499300178,0.09510770242072883,0.08307942472858965,0.1071038084156564,0.9895833333333334,0.9817708333333334,0.9963541666666667,2.0327361572597438,1.873866927945458,2.19798119137282,3.0591006687706592,2.9370599130775643,3.1770534209526953,0.12131860794136964,0.09954686764479077,0.1416527473670504,2.2401125,2.216614375,2.2677625,2.72522625,2.6117564062500005,2.8592319374999993,1.0,1.0,1.0
move_model_0.8_random,random,0.5,8.0,10,0.09303580407986922,0.06724274786959906,0.1238106191053795,0.057393032579144944,0.05027300273338765,0.06435990927023717,0.9859375,0.9770703124999999,0.9942708333333334,2.798052333328581,2.5416751593839013,3.0835110937821675,3.524343910986574,3.414466573214282,3.621641032057922,0.07541959608295247,0.05684616263935011,0.0958955147856962,2.3104875,2.2578725,2.3553131250000003,2.81659625,2.68534053125,2.9668499062499993,0.4782608695652174,0.4260766745005875,0.529802560047445
move_model_0.8_bsp,bsp,0.1,8.0,10,0.0881975200958316,0.06240533371787309,0.11441185102513227,0.05630565000061154,0.053690202452047905,0.058517140206723633,0.9880208333333332,0.98125,0.9942708333333332,2.6682554778987457,2.434910151804451,2.908366803678928,3.421802403050512,3.379733692451811,3.466493487337657,0.0787251853097923,0.059721750184718814,0.10058371192648558,18.123912499999996,18.053014062500004,18.181676250000002,19.5244675,19.315578218749998,19.78436565625,0.5507246376811594,0.43661331626120353,0.6518778696051424
legitimate_fraction_0.5_none,none,1.0,8.0,10,0.21769484492772534,0.1825814524600578,0.25746226627141944,0.2101936136320517,0.18933524471975793,0.23611982424998834,0.9697916666666666,0.9536458333333332,0.9828125,1.5795340429053837,1.4372683336408718,1.7330843917312244,2.6191989984867052,2.5016733486098994,2.722036738417827,0.1300030864333991,0.11167928643480425,0.15116572580952892,2.2334125,2.2021265625,2.2792499999999998,2.72016875,2.541336875,3.0421175937499996,1.0,1.0,1.0
legitimate_fraction_0.5_random,random,0.5,8.0,10,0.09285563702126563,0.07328840109567528,0.11125531947850338,0.094959919594008,0.08405001506784673,0.10514359220566338,0.9619791666666668,0.9426953124999999,0.9786458333333332,2.534030174091923,2.301021283367478,2.7698911326325653,3.3177738186729755,3.2464777098291866,3.3802071365841058,0.08211356465982611,0.07502848056902953,0.08960381347688609,2.2015625,2.1911265625,2.2140125,2.5743424999999998,2.5215298749999997,2.63309415625,0.45555555555555555,0.40775800071916574,0.5106501182033096
legitimate_fraction_0.5_bsp,bsp,0.1,8.0,10,0.07284487123842592,0.0386274142795139,0.11489568865740739,0.07980124752253749,0.07798972714421451,0.08184397387839808,0.9666666666666666,0.9458333333333334,0.9854166666666666,2.5302072267842113,2.2450069921707865,2.857852836272727,3.203829160845264,3.0923255398726974,3.3242736415804215,0.07516963112412296,0.059862557514243596,0.09696227734336874,17.269825,17.186939687500004,17.363135937500005,18.801285,18.192406374999997,19.506740031249997,0.4222222222222222,0.2673102310231023,0.5618485536696151
legitimate_fraction_0.9_none,none,1.0,8.0,10,0.13411459427219488,0.09769740660263673,0.1809782574925857,0.13516202738872643,0.11337385999519442,0.15891049522430215,0.9682291666666666,0.9531249999999998,0.9828125,2.3100842951474085,1.9800176668437826,2.658949842591348,3.0737504995562093,2.8809268314999033,3.256637948881776,0.12212414769229145,0.10350110850739916,0.14327963667574956,2.2765499999999994,2.2172,2.370325625,3.15453625,2.7235453437499992,3.8831458124999996,1.0,1.0,1.0
legitimate_fraction_0.9_random,random,0.5,8.0,10,0.07504894959758995,0.051935306017182395,0.09761287827609945,0.07966033423278876,0.0633810376480103,0.09913530915944573,0.9703124999999998,0.9567708333333332,0.9843749999999998,3.042105211279247,2.739190151252989,3.384905761835546,3.5422716885924084,3.4188073335315834,3.6461301644290307,0.07262996296175125,0.059164029433057735,0.08438628932660767,2.203575,2.1765368749999996,2.2280371874999996,2.6786274999999997,2.5998904687499995,2.7541847500000003,0.4853801169590643,0.4303345388788427,0.539893881611673
legitimate_fraction_0.9_bsp,bsp,0.1,8.0,10,0.0794807696025879,0.048681412552069994,0.11169012774317556,0.05679589166326312,0.053746443958770485,0.05926474878235636,0.9614583333333332,0.9458203124999999,0.9776041666666666,2.9437070156786413,2.697987381741789,3.2666930229226097,3.5232372776905536,3.4588779992852308,3.5968770707643527,0.0821133060682361,0.060067352374929626,0.10333344574515402,17.597450000000002,17.494738125,17.719854062499998,19.6928125,19.00106534375,20.509010625,0.5555555555555556,0.4769656395206652,0.6250182748538011
side_4_none,none,1.0,4.0,10,0.3342932111291486,0.2843244019435425,0.3816002970553751,0.3409225898124631,0.3281435859299986,0.35678310819718434,0.9520833333333334,0.9380078124999999,0.9651041666666667,1.0729707033693892,0.9527367261399179,1.2084907189731013,1.951164753124018,1.865677945125807,2.0509831575917,0.1842110458820983,0.17204482329247145,0.19650296692849925,2.1697875,2.1598875000000004,2.1801759374999996,2.50545125,2.4645831875,2.5480468437499995,1.0,1.0,1.0
side_4_random,random,0.5,4.0,10,0.17346421807359308,0.1426857906633297,0.21703449252570345,0.20677942408650368,0.19317119078358097,0.22110924423420897,0.94375,0.9234375,0.9624999999999998,1.5882914291815653,1.466778406912266,1.7017121231289967,2.424484984917459,2.3369785761588626,2.5217890154187996,0.14550496687801262,0.12319000836124282,0.17626692896372856,2.1978375,2.1847778124999997,2.2134624999999994,2.5757737499999998,2.51197096875,2.6395209687500003,0.49491525423728816,0.46416103415199983,0.5326146461440813
side_4_bsp,bsp,0.1,4.0,10,0.07540147569444444,0.059958224826388885,0.09158013237847222,0.08800585377853713,0.08717067822268902,0.08896807030172485,0.9744791666666666,0.9583333333333334,0.9885416666666667,1.9931856999907125,1.9463255254438456,2.0433016644937854,2.72914430114271,2.698671348003917,2.7579261717536814,0.044173991829269336,0.037720822908480243,0.05295389846924904,17.156799999999997,17.101124375,17.2235615625,18.44172125,18.101226437500003,18.810239468749998,0.10847457627118644,0.07715753386289032,0.14591427152670222
side_16_none,none,1.0,16.0,10,0.05158265153130388,0.03050005491264877,0.07193925831434028,0.06329622288887632,0.05215939536952469,0.07621958840183123,0.9369791666666666,0.890625,0.9739583333333333,4.517375749290844,3.7139943863143374,5.419424268889489,4.255002719715195,3.935124637993494,4.587364034833464,0.062455460942572,0.051182056400102774,0.07313233232435254,2.4834,2.456324375,2.5109768750000003,3.404713749999999,3.1913101249999998,3.6509062812499993,1.0,1.0,1.0
side_16_random,random,0.5,16.0,10,0.024412235243692727,0.008828970416269049,0.04202429007754172,0.02531849042010576,0.020019192703604492,0.030571000823185514,0.9401041666666666,0.9077994791666667,0.9708463541666665,6.219023177536491,5.614768711783631,6.7956915525921895,4.876723607326448,4.705949476178545,5.044830010535325,0.03245865967832806,0.019966087539660067,0.04720047645930995,2.5427875,2.4552375000000004,2.6568503125000005,4.10891,3.2682028124999998,5.360885562499999,0.5,0.40535798956851593,0.6
side_16_bsp,bsp,0.1,16.0,10,0.025718032916519244,0.015379675452856604,0.036335365038245894,0.03909086906644882,0.035895169088263706,0.0421857910234979,0.953125,0.9249869791666667,0.9749999999999999,4.690213616034049,4.422974403177192,4.960702364599859,4.370537162878806,4.234433387566446,4.481309160178403,0.03530579038668207,0.029027847626454037,0.04141822026882881,19.683362499999998,19.138034375,20.243958125,32.636377499999995,26.396708750000002,39.05465099999999,0.8103448275862069,0.7254901960784313,0.8947642543859649
reset_every_1_none,none,1.0,8.0,10,0.028767102761243373,0.024545953336846893,0.033044663525132266,0.02843635620819578,0.02435415042186319,0.0326968355755586,0.9661458333333334,0.9505208333333334,0.9807291666666667,3.865653714686909,3.7484217297114366,3.9777227397432644,3.9801084208494375,3.954968550540529,4.009370118109767,0.0015229389341708912,0.0012181190217902494,0.0018504164682399808,2.217725,2.2072868750000003,2.23333875,2.596055,2.54595578125,2.675781875,1.0,1.0,1.0
reset_every_1_random,random,0.5,8.0,10,0.023939835482804227,0.020717605510085977,0.027146791811342583,0.023606107232942264,0.020907086090209165,0.02654251276647188,0.9557291666666666,0.9432161458333332,0.9677083333333334,3.9876589156608233,3.85243862609165,4.1205717928633545,4.079584357218451,4.058374739733185,4.099891857182799,0.002249688985302985,0.0018316936612415766,0.0027195654109767845,2.2098249999999995,2.2009990624999998,2.2202631250000007,2.560175,2.5161634062500005,2.6087818749999996,0.4782608695652174,0.4260766745005875,0.529802560047445
reset_every_1_bsp,bsp,0.1,8.0,10,0.0197836578207672,0.019359505466683205,0.020158236710482808,0.019445428359193807,0.019089252886624948,0.019767412663983196,0.9510416666666666,0.9119791666666666,0.9833333333333332,3.929783249214889,3.8183275139519486,4.048650346729282,4.04373052122303,4.032522892112781,4.0543659313238125,0.0014911300757345677,0.001173301260243382,0.0018246257877651982,17.303087499999997,17.2625128125,17.3545625,18.3101375,18.135427124999996,18.52834984375,0.7463768115942029,0.6744142001409443,0.8244417938931298
reset_every_4_none,none,1.0,8.0,10,0.044495435546584,0.03616875219383878,0.05344776545037906,0.04659434495638945,0.03764860886725367,0.05598539829576277,0.9645833333333333,0.9520833333333334,0.9750130208333333,3.5331398925131703,3.3943932251020206,3.656854386458926,3.757304668522962,3.6960765330491725,3.8171035779820954,0.01707217552297457,0.014328401776333032,0.019886456786102666,2.2573375,2.2380534375,2.2796746874999996,2.70706,2.62793753125,2.8092459999999995,1.0,1.0,1.0
reset_every_4_random,random,0.5,8.0,10,0.032881063562000885,0.02647262996084466,0.04060661239307429,0.03377074997375324,0.027439635562410043,0.040891409762451716,0.9625,0.9531249999999998,0.9713541666666667,3.848991978464692,3.665220847081777,4.029449581111163,3.9733709594673585,3.92000451173224,4.021722500763289,0.011480986339406,0.009044045291841591,0.013894120013507729,2.306225,2.25254875,2.3594493750000005,2.80531,2.6588154375,2.9598433749999997,0.4782608695652174,0.4260766745005875,0.529802560047445
reset_every_4_bsp,bsp,0.1,8.0,10,0.025283831953123788,0.023353079803546818,0.02736718570140004,0.026776755435473854,0.025453229238089986,0.027977809055060067,0.95,0.9135286458333333,0.9796874999999998,3.628275764147385,3.5006737291005328,3.7628436086617127,3.8772877260111462,3.849753273445193,3.9045715740196294,0.006258638472328678,0.005201619313155102,0.007319485570054363,17.4744375,17.4218740625,17.5255746875,18.585312499999997,18.341001249999998,18.852845499999997,0.7391304347826086,0.664012661637931,0.820901589612911
reset_every_12_none,none,1.0,8.0,10,0.09992990113902259,0.07162770626061507,0.1276542702537589,0.09679906491428338,0.08008119083421254,0.11390419944822182,0.9557291666666666,0.9359375,0.9692708333333332,2.965542308196153,2.7970391932039225,3.1414869803590753,3.354950964307013,3.250993937917391,3.4674552456128045,0.08545193993950044,0.06932202722306295,0.10302300584190656,2.2089624999999997,2.1933,2.224675,2.6408074999999998,2.5551329375,2.73540246875,1.0,1.0,1.0
reset_every_12_random,random,0.5,8.0,10,0.04215942736417647,0.02549490407903166,0.05971404298384621,0.05131636726152823,0.04013903966762359,0.06395624329031517,0.946875,0.925,0.9666666666666666,3.702359555909834,3.4412070672298247,3.9487139268214158,3.804400461175711,3.7148462003147866,3.8830447449175907,0.03852668604906291,0.02838990920347194,0.048503459059116946,2.2526875,2.222413125,2.2855481249999996,2.8429387499999996,2.6171380937499995,3.1408891562499996,0.4782608695652174,0.4260766745005875,0.529802560047445
reset_every_12_bsp,bsp,0.1,8.0,10,0.040602155871309095,0.032218179246805125,0.048590164833049315,0.044908203523761944,0.04230484002794009,0.047332860267316215,0.9598958333333334,0.9380078125000001,0.9802083333333333,3.3252216175000866,3.193785273548017,3.4497942965609676,3.6438180222425465,3.6011537436225285,3.6957529774661597,0.02898668078968994,0.020602747669496147,0.03630836406802276,17.380775,17.306374062499998,17.4531790625,18.985679999999995,18.505859968750002,19.5903659375,0.6521739130434783,0.5855223042362002,0.73157564424407
