hit,error_cells,peak,logloss,covered95,credible95,entropy,ece,error_m,seed,user,scenario,condition,method,param,attack,side,prior_hit,legitimate,opportunities,complete,reports,utility,weighted_utility,weighted_opportunities,weighted_complete,small_opportunities,small_complete,medium_opportunities,medium_complete,large_opportunities,large_complete,raw_completion,coverage,reward,gate_us_p50,gate_us_p95,cap_violations,attacker_local_cap_violations,attacker_effective_cap_violations,attacker_absolute_cap_violations,positive_cap,robust_model_count,alpha_true,alpha_model,move_model
0.00244140625,3.8139145693685825,0.09091757950939638,4.17934209554353,0.96875,29.5,4.651396594567471,0.08847617325939638,3813.914569368582,7000,0,walk,locavail_bsp_greedy,bsp,0.1,adaptive,8,0.015625,24,3,3,7,1.0,1.0,0.07708333333333334,0.07708333333333334,0,0,0,0,3,3,0.125,1.0,3,52.479,72.59449999999998,0,6,6,14,,0,0.6,0.648,0.3
0.0009765625,2.9287436424102937,0.07362627166144059,3.1313847060278306,1.0,34.8125,4.94351204676886,0.07264970916144059,2928.743642410295,7000,1,walk,locavail_bsp_greedy,bsp,0.1,adaptive,8,0.015625,27,3,2,5,0.6666666666666666,0.25,0.3333333333333333,0.08333333333333333,1,0,1,1,1,1,0.07407407407407407,1.0,2,51.788,75.857,0,3,3,11,,0,0.6,0.648,0.3
0.12744140625,2.5187306979347404,0.049496155633509856,3.3479244188866155,1.0,38.03125,5.192234440501411,0.07794525061649014,2518.730697934741,7001,0,walk,locavail_bsp_greedy,bsp,0.1,adaptive,8,0.015625,29,4,1,3,0.25,0.0847457627118644,0.36875,0.03125,1,0,1,0,2,1,0.034482758620689655,0.3333333333333333,1,52.022999999999996,67.3367,0,0,0,0,,0,0.6,0.648,0.3
0.0011393229166666665,3.328825173715924,0.08623760662777474,3.7860878707323815,0.875,32.125,4.791301687770645,0.08509828371110809,3328.8251737159253,7001,1,walk,locavail_bsp_greedy,bsp,0.1,adaptive,8,0.015625,26,1,0,3,0.0,0.0,0.017857142857142856,0.0,0,0,0,0,1,0,0.0,0.0,0,51.3665,67.85764999999999,0,5,5,8,,0,0.6,0.648,0.3
0.0953125,2.688708292331118,0.06634932866738885,3.373994804791081,1.0,41.75,5.227417991571597,0.050624866381486645,2688.708292331118,7002,0,walk,locavail_bsp_greedy,bsp,0.1,adaptive,8,0.015625,26,5,4,4,0.8,0.5833333333333333,0.15000000000000002,0.0875,0,0,1,0,4,4,0.15384615384615385,0.8,4,50.960499999999996,67.42129999999999,0,2,2,3,,0,0.6,0.648,0.3
0.032552083333333336,2.169596591675003,0.10230256360754687,3.163497597710688,0.96875,22.21875,4.33052622907676,0.06975048027421354,2169.5965916750038,7002,1,walk,locavail_bsp_greedy,bsp,0.1,adaptive,8,0.015625,23,3,3,7,1.0,1.0,0.09077380952380952,0.09077380952380952,0,0,1,1,2,2,0.13043478260869565,1.0,3,50.8655,66.22004999999999,0,7,7,16,,0,0.6,0.648,0.3
0.002278645833333333,3.137229739605451,0.06942511315726407,3.192425119172833,0.96875,23.0,4.517145067817357,0.06714646732393074,3137.2297396054505,7003,0,walk,locavail_bsp_greedy,bsp,0.1,adaptive,8,0.015625,25,1,1,7,1.0,1.0,0.015625,0.015625,0,0,0,0,1,1,0.04,1.0,1,51.036,62.84014999999999,0,0,0,0,,0,0.6,0.648,0.3
0.0009765625,3.074519046518423,0.10246906496654345,3.463412116265668,0.9375,23.4375,4.339444819911267,0.10149250246654345,3074.519046518424,7003,1,walk,locavail_bsp_greedy,bsp,0.1,adaptive,8,0.015625,26,3,1,4,0.3333333333333333,0.18181818181818185,0.0982142857142857,0.017857142857142856,0,0,1,0,2,1,0.038461538461538464,0.3333333333333333,1,52.384,81.1411,0,6,6,28,,0,0.6,0.648,0.3
0.11865234375,1.2137896442128602,0.10119292828674113,2.60230344258503,1.0,24.40625,4.373139178469678,0.061813599243437316,1213.7896442128604,7004,0,walk,locavail_bsp_greedy,bsp,0.1,adaptive,8,0.015625,23,1,0,5,0.0,0.0,0.0625,0.0,0,0,1,0,0,0,0.0,0.0,0,54.843,99.76559999999999,0,6,6,24,,0,0.6,0.648,0.3
0.09602864583333334,2.3388274410875476,0.06645160327094073,2.956019681030194,1.0,26.96875,4.730148846490946,0.029577042562392616,2338.8274410875483,7004,1,walk,locavail_bsp_greedy,bsp,0.1,adaptive,8,0.015625,19,0,0,2,nan,nan,0.0,0.0,0,0,0,0,0,0,0.0,nan,0,53.6265,103.5324,0,1,1,1,,0,0.6,0.648,0.3
0.13118489583333334,1.6185955039988624,0.05506591529091837,3.0271177975791606,1.0,32.46875,4.979613424339315,0.07611898054241498,1618.5955039988626,7005,0,walk,locavail_bsp_greedy,bsp,0.1,adaptive,8,0.015625,25,1,0,1,0.0,0.0,0.25,0.0,1,0,0,0,0,0,0.0,0.0,0,51.572,54.2935,0,0,0,0,,0,0.6,0.648,0.3
0.6875651041666666,0.7305889826690675,0.048952092082601414,3.085751111810273,1.0,35.0,5.086561258026257,0.6386130120840652,730.5889826690676,7005,1,walk,locavail_bsp_greedy,bsp,0.1,adaptive,8,0.015625,23,3,2,2,0.6666666666666666,0.14285714285714288,0.29166666666666663,0.041666666666666664,1,0,0,0,2,2,0.08695652173913043,0.6666666666666666,2,51.282,54.994949999999996,0,0,0,0,,0,0.6,0.648,0.3
0.34895833333333337,1.3376488874421033,0.07981727848703177,2.7172417261883512,1.0,25.03125,4.502748934275051,0.27561122858880704,1337.6488874421034,7006,0,walk,locavail_bsp_greedy,bsp,0.1,adaptive,8,0.015625,21,2,1,10,0.5,0.28571428571428575,0.0875,0.025,0,0,1,0,1,1,0.047619047619047616,0.5,1,51.878,61.17275,0,1,1,1,,0,0.6,0.648,0.3
0.002278645833333333,2.414631496774314,0.06347807625588964,3.1137352208248616,1.0,27.53125,4.772108365528437,0.0611994304225563,2414.6314967743156,7006,1,walk,locavail_bsp_greedy,bsp,0.1,adaptive,8,0.015625,19,0,0,2,nan,nan,0.0,0.0,0,0,0,0,0,0,0.0,nan,0,50.965999999999994,76.7906,0,1,1,1,,0,0.6,0.648,0.3
0.03597005208333333,2.657536720068487,0.044920132488099423,3.249058330663707,1.0,37.53125,5.165872925850944,0.008950080404766095,2657.5367200684846,7007,0,walk,locavail_bsp_greedy,bsp,0.1,adaptive,8,0.015625,26,3,1,1,0.3333333333333333,0.01639344262295082,1.2708333333333333,0.020833333333333332,2,0,0,0,1,1,0.038461538461538464,1.0,1,51.427,83.61689999999999,0,0,0,0,,0,0.6,0.648,0.3
0.02099609375,3.901416603755521,0.0524386284437213,4.0587410456629085,0.875,35.9375,5.065958910701653,0.03271576987435998,3901.416603755521,7007,1,walk,locavail_bsp_greedy,bsp,0.1,adaptive,8,0.015625,24,0,0,1,nan,nan,0.0,0.0,0,0,0,0,0,0,0.0,nan,0,51.372,72.3868,0,1,1,1,,0,0.6,0.648,0.3
0.09521484375,4.284821709031269,0.06295759543977691,3.1522049565122314,1.0,28.9375,4.837833759144104,0.032257248310223086,4284.821709031269,7008,0,walk,locavail_bsp_greedy,bsp,0.1,adaptive,8,0.015625,24,1,1,2,1.0,1.0,0.017857142857142856,0.017857142857142856,0,0,0,0,1,1,0.041666666666666664,1.0,1,50.6455,57.324749999999995,0,0,0,0,,0,0.6,0.648,0.3
0.07958984375,3.0590238503381157,0.08018128370085334,2.94541459907467,0.96875,31.90625,4.786529183455328,0.0026524491874054673,3059.023850338116,7008,1,walk,locavail_bsp_greedy,bsp,0.1,adaptive,8,0.015625,24,0,0,3,nan,nan,0.0,0.0,0,0,0,0,0,0,0.0,nan,0,50.9755,74.99895000000001,0,3,3,8,,0,0.6,0.648,0.3
0.04768880208333333,3.2055365314101683,0.04481735856232744,3.5132709974874894,1.0,33.1875,5.060749776337449,0.0028714435210058856,3205.5365314101673,7009,0,walk,locavail_bsp_greedy,bsp,0.1,adaptive,8,0.015625,23,1,0,1,0.0,0.0,0.25,0.0,1,0,0,0,0,0,0.0,0.0,0,51.1815,63.53134999999999,0,0,0,0,,0,0.6,0.648,0.3
0.0009765625,2.869107877285289,0.08708329610780312,3.3261837138492925,0.875,17.96875,4.18341875935217,0.08610673360780312,2869.107877285289,7009,1,walk,locavail_bsp_greedy,bsp,0.1,adaptive,8,0.015625,20,4,3,15,0.75,0.28143712574850294,0.34791666666666665,0.09791666666666665,1,0,1,1,2,2,0.15,1.0,3,50.9965,62.829199999999986,0,0,0,0,,0,0.6,0.648,0.3
0.01806640625,3.509564052211771,0.066656426455761,3.5893300693660324,0.96875,30.0625,4.805023733944041,0.048590020205761,3509.5640522117715,7000,0,walk,locavail_rbsp_greedy,rbsp,0.1,adaptive,8,0.015625,24,3,2,7,0.6666666666666666,0.6756756756756755,0.07708333333333334,0.05208333333333333,0,0,0,0,3,2,0.08333333333333333,0.5,2,427.196,486.5086,0,0,0,0,,9,0.6,0.648,0.3
0.0009765625,3.9271617256449955,0.04499279265284139,3.5415565060375616,1.0,42.46875,5.345224392818193,0.04401623015284139,3927.161725644999,7000,1,walk,locavail_rbsp_greedy,rbsp,0.1,adaptive,8,0.015625,27,3,1,4,0.3333333333333333,0.0625,0.3333333333333333,0.020833333333333332,1,0,1,0,1,1,0.037037037037037035,0.5,1,448.09950000000003,468.30435,0,1,1,1,,9,0.6,0.648,0.3
0.00244140625,3.250737758856105,0.03886985459069864,3.5602050446087303,1.0,40.40625,5.336359214616328,0.03642844834069864,3250.737758856105,7001,0,walk,locavail_rbsp_greedy,rbsp,0.1,adaptive,8,0.015625,29,4,1,3,0.25,0.0847457627118644,0.36875,0.03125,1,0,1,0,2,1,0.034482758620689655,0.3333333333333333,1,435.41700000000003,543.29545,0,0,0,0,,9,0.6,0.648,0.3
0.0011393229166666665,3.7016984954407333,0.059699348357781526,4.292269987326068,0.78125,36.46875,5.09457211593423,0.05856002544111486,3701.698495440733,7001,1,walk,locavail_rbsp_greedy,rbsp,0.1,adaptive,8,0.015625,26,1,1,3,1.0,1.0,0.017857142857142856,0.017857142857142856,0,0,0,0,1,1,0.038461538461538464,1.0,1,428.899,474.20334999999994,0,1,1,1,,9,0.6,0.648,0.3
0.0015625,3.2183897377427444,0.058554035949833494,3.5237942260948882,1.0,42.375,5.296066948485522,0.0569915359498335,3218.3897377427447,7002,0,walk,locavail_rbsp_greedy,rbsp,0.1,adaptive,8,0.015625,26,5,2,3,0.4,0.3055555555555555,0.15000000000000002,0.04583333333333334,0,0,1,0,4,2,0.07692307692307693,0.4,2,434.505,512.32535,0,1,1,1,,9,0.6,0.648,0.3
0.032552083333333336,2.8607413216487814,0.06299672430662862,3.622413002471731,0.84375,29.875,4.817883555850862,0.03044464097329528,2860.741321648781,7002,1,walk,locavail_rbsp_greedy,rbsp,0.1,adaptive,8,0.015625,23,3,2,4,0.6666666666666666,0.6557377049180327,0.09077380952380952,0.05952380952380952,0,0,1,1,2,1,0.08695652173913043,0.6666666666666666,2,429.91099999999994,517.11,0,0,0,0,,9,0.6,0.648,0.3
0.002278645833333333,3.418349592188499,0.058762055834122064,3.3249246247988875,0.96875,25.375,4.7050300249836035,0.05648341000078873,3418.3495921885,7003,0,walk,locavail_rbsp_greedy,rbsp,0.1,adaptive,8,0.015625,25,1,1,6,1.0,1.0,0.015625,0.015625,0,0,0,0,1,1,0.04,1.0,1,432.486,525.5494,0,0,0,0,,9,0.6,0.648,0.3
0.0322265625,2.339426626669477,0.08068331567502218,2.996731696929152,1.0,26.125,4.600291794452308,0.04845675317502218,2339.426626669477,7003,1,walk,locavail_rbsp_greedy,rbsp,0.1,adaptive,8,0.015625,26,3,1,5,0.3333333333333333,0.18181818181818185,0.0982142857142857,0.017857142857142856,0,0,1,0,2,1,0.038461538461538464,0.3333333333333333,1,436.62850000000003,800.2333499999999,0,0,0,0,,9,0.6,0.648,0.3
0.14990234375,1.3441512965645417,0.0720857364249021,2.737909119184547,1.0,21.59375,4.4027285204726505,0.0778166073250979,1344.151296564542,7004,0,walk,locavail_rbsp_greedy,rbsp,0.1,adaptive,8,0.015625,23,1,0,7,0.0,0.0,0.0625,0.0,0,0,1,0,0,0,0.0,0.0,0,438.66700000000003,514.9750499999999,0,0,0,0,,9,0.6,0.648,0.3
0.002278645833333333,6.073260973735358,0.044238683695048076,3.511932006627697,1.0,34.1875,5.1673807898337945,0.04196003786171474,6073.2609737353505,7004,1,walk,locavail_rbsp_greedy,rbsp,0.1,adaptive,8,0.015625,19,0,0,3,nan,nan,0.0,0.0,0,0,0,0,0,0,0.0,nan,0,427.196,509.3699,0,0,0,0,,9,0.6,0.648,0.3
0.006184895833333333,2.221327305889699,0.05109736576675017,3.1136805730024713,1.0,37.4375,5.14502549095548,0.04491246993341683,2221.3273058897,7005,0,walk,locavail_rbsp_greedy,rbsp,0.1,adaptive,8,0.015625,25,1,0,3,0.0,0.0,0.25,0.0,1,0,0,0,0,0,0.0,0.0,0,435.376,763.1397499999997,0,0,0,0,,9,0.6,0.648,0.3
0.5625651041666666,1.0430889826690675,0.044100099904071675,3.173192312093187,1.0,36.6875,5.20977021562452,0.5184650042625949,1043.0889826690677,7005,1,walk,locavail_rbsp_greedy,rbsp,0.1,adaptive,8,0.015625,23,3,2,2,0.6666666666666666,0.14285714285714288,0.29166666666666663,0.041666666666666664,1,0,0,0,2,2,0.08695652173913043,0.6666666666666666,2,431.2885,453.94735,0,0,0,0,,9,0.6,0.648,0.3
0.34895833333333337,1.3376488874421033,0.07866581175053665,2.729229802948767,1.0,25.5625,4.5359058158701515,0.2702925215827967,1337.6488874421034,7006,0,walk,locavail_rbsp_greedy,rbsp,0.1,adaptive,8,0.015625,21,2,1,10,0.5,0.28571428571428575,0.0875,0.025,0,0,1,0,1,1,0.047619047619047616,0.5,1,439.2935,488.33344999999997,0,0,0,0,,9,0.6,0.648,0.3
0.002278645833333333,2.056354825428795,0.06183209355652295,3.108542342979381,1.0,29.5625,4.867825228378003,0.059553447723189615,2056.354825428796,7006,1,walk,locavail_rbsp_greedy,rbsp,0.1,adaptive,8,0.015625,19,0,0,4,nan,nan,0.0,0.0,0,0,0,0,0,0,0.0,nan,0,435.3005,463.51099999999997,0,0,0,0,,9,0.6,0.648,0.3
0.03597005208333333,2.657536720068487,0.048081968013749275,3.216393341468834,1.0,35.84375,5.066121947329705,0.012111915930415947,2657.5367200684846,7007,0,walk,locavail_rbsp_greedy,rbsp,0.1,adaptive,8,0.015625,26,3,1,2,0.3333333333333333,0.01639344262295082,1.2708333333333333,0.020833333333333332,2,0,0,0,1,1,0.038461538461538464,1.0,1,434.104,469.40349999999995,0,0,0,0,,9,0.6,0.648,0.3
0.01318359375,3.4410581402601124,0.038315244561015586,3.572913426104527,1.0,36.25,5.189379438287255,0.025131650811015586,3441.058140260112,7007,1,walk,locavail_rbsp_greedy,rbsp,0.1,adaptive,8,0.015625,24,0,0,1,nan,nan,0.0,0.0,0,0,0,0,0,0,0.0,nan,0,438.5925,471.6553,0,0,0,0,,9,0.6,0.648,0.3
0.37125651041666663,1.70669670903127,0.08162944156496123,2.7929776873000316,1.0,25.0,4.549225725995853,0.2896270688517054,1706.6967090312696,7008,0,walk,locavail_rbsp_greedy,rbsp,0.1,adaptive,8,0.015625,24,1,0,2,0.0,0.0,0.017857142857142856,0.0,0,0,0,0,1,0,0.0,0.0,0,427.797,465.9899,0,0,0,0,,9,0.6,0.648,0.3
0.00146484375,2.138616543365754,0.05895107217307199,2.9892121673382053,0.96875,25.46875,4.660833282523172,0.05748622842307199,2138.616543365754,7008,1,walk,locavail_rbsp_greedy,rbsp,0.1,adaptive,8,0.015625,24,0,0,5,nan,nan,0.0,0.0,0,0,0,0,0,0,0.0,nan,0,432.66150000000005,461.3551,0,0,0,0,,9,0.6,0.648,0.3
0.024251302083333332,3.4076932002234734,0.04219535800994982,3.5148994396102786,1.0,34.53125,5.14595956865631,0.01794405592661649,3407.693200223472,7009,0,walk,locavail_rbsp_greedy,rbsp,0.1,adaptive,8,0.015625,23,1,0,0,0.0,0.0,0.25,0.0,1,0,0,0,0,0,0.0,0.0,0,439.2845,465.86475,0,0,0,0,,9,0.6,0.648,0.3
0.0009765625,3.120461929234737,0.07242247136178481,3.551106475779523,1.0,27.34375,4.709905412898484,0.07144590886178481,3120.4619292347356,7009,1,walk,locavail_rbsp_greedy,rbsp,0.1,adaptive,8,0.015625,20,4,3,9,0.75,0.28143712574850294,0.34791666666666665,0.09791666666666665,1,0,1,1,2,2,0.15,1.0,3,426.911,456.65735,0,0,0,0,,9,0.6,0.648,0.3
0.005696614583333333,3.878182214167885,0.05327923571028557,3.7539847118789242,0.9375,38.25,5.163931723942825,0.04758262112695223,3878.182214167887,7000,0,walk,nonstationary_bsp_greedy,bsp,0.1,adaptive,8,0.015625,24,4,2,4,0.5,0.1592356687898089,0.32708333333333334,0.05208333333333333,1,0,0,0,3,2,0.08333333333333333,0.5,2,51.682500000000005,75.34464999999999,0,0,0,0,,0,0.6480000000000001,0.648,0.3
0.00078125,3.7727979592832277,0.04962047789864426,3.5278448469673918,1.0,41.15625,5.265063463904171,0.04883922789864426,3772.7979592832276,7000,1,walk,nonstationary_bsp_greedy,bsp,0.1,adaptive,8,0.015625,27,2,1,4,0.5,0.2,0.3125,0.0625,1,0,1,1,0,0,0.037037037037037035,1.0,1,51.186,73.752,0,0,0,0,,0,0.6480000000000001,0.648,0.3
0.00712890625,3.177856973426799,0.027197194753104965,4.0745089088121,1.0,52.5,5.727963981221485,0.020068288503104964,3177.8569734267985,7001,0,walk,nonstationary_bsp_greedy,bsp,0.1,adaptive,8,0.015625,29,1,1,2,1.0,1.0,0.025,0.025,0,0,0,0,1,1,0.034482758620689655,1.0,1,51.2815,60.24004999999999,0,0,0,0,,0,0.6480000000000001,0.648,0.3
0.15738932291666666,3.533409626172658,0.06558884055466797,3.468909178101444,1.0,38.375,5.0898539406518335,0.09180048236199868,3533.409626172658,7001,1,walk,nonstationary_bsp_greedy,bsp,0.1,adaptive,8,0.015625,26,7,4,6,0.5714285714285714,0.1844660194174757,0.5364583333333334,0.09895833333333333,2,0,1,0,4,4,0.15384615384615385,0.75,4,51.712500000000006,68.74839999999999,0,2,2,3,,0,0.6480000000000001,0.648,0.3
0.00078125,3.8171666758575404,0.04803233693022091,3.740814033686821,1.0,45.625,5.429837435723645,0.04725108693022091,3817.1666758575416,7002,0,walk,nonstationary_bsp_greedy,bsp,0.1,adaptive,8,0.015625,26,2,2,3,1.0,1.0,0.04583333333333334,0.04583333333333334,0,0,0,0,2,2,0.07692307692307693,1.0,2,51.557,67.93639999999999,0,0,0,0,,0,0.6480000000000001,0.648,0.3
0.004036458333333333,3.2201576290205627,0.05911545130430864,3.4024218623085476,1.0,35.96875,5.037762008413699,0.05507899297097531,3220.1576290205635,7002,1,walk,nonstationary_bsp_greedy,bsp,0.1,adaptive,8,0.015625,23,3,2,4,0.6666666666666666,0.1923076923076923,0.30952380952380953,0.05952380952380952,1,0,1,1,1,1,0.08695652173913043,0.5,2,51.938500000000005,63.90364999999999,0,0,0,0,,0,0.6480000000000001,0.648,0.3
0.03626302083333333,2.507801258155746,0.04570604737904344,3.5429913558666426,1.0,41.4375,5.242972009866129,0.009443026545710104,2507.801258155746,7003,0,walk,nonstationary_bsp_greedy,bsp,0.1,adaptive,8,0.015625,25,2,1,3,0.5,0.1111111111111111,0.140625,0.015625,1,0,0,0,1,1,0.04,0.5,1,52.319,69.0375,0,1,1,1,,0,0.6480000000000001,0.648,0.3
0.0017578125,3.3976157795227664,0.06141965764468312,3.236009980946895,1.0,30.875,4.85305850089838,0.059661845144683125,3397.615779522766,7003,1,walk,nonstationary_bsp_greedy,bsp,0.1,adaptive,8,0.015625,26,3,1,3,0.3333333333333333,0.01652892561983471,1.0803571428571428,0.017857142857142856,1,0,1,0,1,1,0.038461538461538464,0.5,1,51.087,62.21749999999999,0,0,0,0,,0,0.6480000000000001,0.648,0.3
0.41689453125,1.0477514479599745,0.06057962013057029,3.0843653044692845,1.0,38.0625,5.134530340624049,0.37030545407819937,1047.7514479599745,7004,0,walk,nonstationary_bsp_greedy,bsp,0.1,adaptive,8,0.015625,23,1,1,3,1.0,1.0,0.020833333333333332,0.020833333333333332,0,0,0,0,1,1,0.043478260869565216,1.0,1,50.786,56.39825,0,1,1,2,,0,0.6480000000000001,0.648,0.3
0.032552083333333336,2.7379172407474788,0.09475351644628638,2.795680982594381,1.0,18.3125,4.148748519292933,0.062201433112953064,2737.91724074748,7004,1,walk,nonstationary_bsp_greedy,bsp,0.1,adaptive,8,0.015625,19,2,2,10,1.0,1.0,0.05208333333333333,0.05208333333333333,0,0,0,0,2,2,0.10526315789473684,1.0,2,51.117000000000004,66.951,0,2,2,8,,0,0.6480000000000001,0.648,0.3
0.003255208333333333,2.8186894646236276,0.07364527772211699,3.2670550821718884,1.0,26.53125,4.6662405304308345,0.07039006938878366,2818.6894646236296,7005,0,walk,nonstationary_bsp_greedy,bsp,0.1,adaptive,8,0.015625,25,1,0,5,0.0,0.0,0.017857142857142856,0.0,0,0,0,0,1,0,0.0,0.0,0,51.6475,66.29479999999998,0,0,0,0,,0,0.6480000000000001,0.648,0.3
0.37825520833333337,2.113634535783125,0.07328228497860527,2.865844878871903,1.0,26.03125,4.661844299014714,0.3049729233547281,2113.634535783125,7005,1,walk,nonstationary_bsp_greedy,bsp,0.1,adaptive,8,0.015625,23,2,2,8,1.0,1.0,0.03869047619047619,0.03869047619047619,0,0,0,0,2,2,0.08695652173913043,1.0,2,51.7425,55.7353,0,0,0,0,,0,0.6480000000000001,0.648,0.3
0.033854166666666664,2.9203801909086566,0.06455963823262557,3.044445514909436,1.0,28.21875,4.624289775552756,0.030705471565958913,2920.3801909086565,7006,0,walk,nonstationary_bsp_greedy,bsp,0.1,adaptive,8,0.015625,21,1,0,7,0.0,0.0,0.0625,0.0,0,0,1,0,0,0,0.0,0.0,0,52.048500000000004,74.9418,0,1,1,2,,0,0.6480000000000001,0.648,0.3
0.0,3.7565396408576364,0.05427122850985313,3.994012782048911,0.75,41.09375,5.213892272387895,0.05427122850985313,3756.5396408576357,7006,1,walk,nonstationary_bsp_greedy,bsp,0.1,adaptive,8,0.015625,19,1,0,4,0.0,0.0,1.0,0.0,1,0,0,0,0,0,0.0,0.0,0,52.278000000000006,63.393799999999985,0,1,1,1,,0,0.6480000000000001,0.648,0.3
0.00126953125,3.501891857331121,0.05320035658372668,3.3778841224021874,1.0,38.03125,5.116672683237511,0.051930825333726685,3501.8918573311194,7007,0,walk,nonstationary_bsp_greedy,bsp,0.1,adaptive,8,0.015625,26,3,2,5,0.6666666666666666,0.04,1.0416666666666665,0.041666666666666664,1,0,0,0,2,2,0.07692307692307693,0.5,2,51.908,68.9565,0,1,1,1,,0,0.6480000000000001,0.648,0.3
0.01708984375,2.32988139561957,0.070181304574214,3.5698422596047386,0.875,30.34375,4.751480239690213,0.053091460824214,2329.8813956195722,7007,1,walk,nonstationary_bsp_greedy,bsp,0.1,adaptive,8,0.015625,24,1,1,6,1.0,1.0,0.020833333333333332,0.020833333333333332,0,0,0,0,1,1,0.041666666666666664,1.0,1,51.783,75.3603,0,2,2,4,,0,0.6480000000000001,0.648,0.3
0.10185546875,2.211570289345142,0.07324318880501547,2.988739736894831,1.0,25.4375,4.546700363240589,0.028612279944984526,2211.570289345142,7008,0,walk,nonstationary_bsp_greedy,bsp,0.1,adaptive,8,0.015625,24,4,3,8,0.75,0.2030360531309298,0.3136904761904762,0.06369047619047619,1,0,0,0,3,3,0.125,0.6666666666666666,3,52.6345,74.25155,0,0,0,0,,0,0.6480000000000001,0.648,0.3
0.09638671874999999,2.025734983854955,0.05430075762634431,3.1496293525357366,1.0,35.78125,5.054881582300143,0.04208596112365568,2025.7349838549558,7008,1,walk,nonstationary_bsp_greedy,bsp,0.1,adaptive,8,0.015625,24,0,0,2,nan,nan,0.0,0.0,0,0,0,0,0,0,0.0,nan,0,51.822500000000005,64.36149999999999,0,0,0,0,,0,0.6480000000000001,0.648,0.3
0.06624348958333334,2.1479700515345526,0.08832873294993412,2.7983669002232645,1.0,20.875,4.30865088661115,0.056214189446804216,2147.970051534552,7009,0,walk,nonstationary_bsp_greedy,bsp,0.1,adaptive,8,0.015625,23,1,0,7,0.0,0.0,0.025,0.0,0,0,0,0,1,0,0.0,0.0,0,51.14149999999999,75.458,0,4,4,14,,0,0.6480000000000001,0.648,0.3
0.0017578125,2.9518821971865905,0.08175405767701853,3.117182549936345,1.0,22.75,4.389893218673533,0.07999624517701853,2951.8821971865896,7009,1,walk,nonstationary_bsp_greedy,bsp,0.1,adaptive,8,0.015625,20,1,1,11,1.0,1.0,0.03125,0.03125,0,0,0,0,1,1,0.05,1.0,1,51.327,74.50435,0,0,0,0,,0,0.6480000000000001,0.648,0.3
0.13069661458333334,1.799739422142728,0.04706795163319171,3.3215315971051123,1.0,36.78125,5.129896173025422,0.08362866295014162,1799.7394221427278,7000,0,walk,nonstationary_rbsp_greedy,rbsp,0.1,adaptive,8,0.015625,24,4,3,6,0.75,0.2356687898089172,0.32708333333333334,0.07708333333333334,1,0,0,0,3,3,0.125,0.75,3,423.96000000000004,485.8034,0,0,0,0,,9,0.6480000000000001,0.648,0.3
0.00078125,4.77671462000328,0.03896405648678988,3.9089798431580833,1.0,46.9375,5.548693431806729,0.038182806486789886,4776.7146200032785,7000,1,walk,nonstationary_rbsp_greedy,rbsp,0.1,adaptive,8,0.015625,27,2,0,3,0.0,0.0,0.3125,0.0,1,0,1,0,0,0,0.0,0.0,0,443.79200000000003,462.42285,0,0,0,0,,9,0.6480000000000001,0.648,0.3
0.00712890625,3.338128911870604,0.024449461793163315,4.130206706903875,1.0,53.5,5.789813385266243,0.017320555543163314,3338.1289118706036,7001,0,walk,nonstationary_rbsp_greedy,rbsp,0.1,adaptive,8,0.015625,29,1,1,1,1.0,1.0,0.025,0.025,0,0,0,0,1,1,0.034482758620689655,1.0,1,448.1855,488.35085,0,0,0,0,,9,0.6480000000000001,0.648,0.3
0.032389322916666664,3.209087926273087,0.026858107687705312,3.979088207663738,1.0,55.0,5.824856748633885,0.005531215228961352,3209.087926273088,7001,1,walk,nonstationary_rbsp_greedy,rbsp,0.1,adaptive,8,0.015625,26,7,2,4,0.2857142857142857,0.06796116504854367,0.5364583333333334,0.03645833333333333,2,0,1,0,4,2,0.07692307692307693,0.5,2,431.0535,476.68924999999996,0,0,0,0,,9,0.6480000000000001,0.648,0.3
0.0125,2.3112515908279687,0.05413731706570702,3.341395832282977,1.0,32.8125,5.029700706080355,0.041637317065707016,2311.25159082797,7002,0,walk,nonstationary_rbsp_greedy,rbsp,0.1,adaptive,8,0.015625,26,2,2,6,1.0,1.0,0.04583333333333334,0.04583333333333334,0,0,0,0,2,2,0.07692307692307693,1.0,2,437.2045,472.99385,0,0,0,0,,9,0.6480000000000001,0.648,0.3
0.004036458333333333,3.2610263515583586,0.055249413423692835,3.428069428563072,1.0,33.84375,4.997182644549798,0.0512129550903595,3261.0263515583583,7002,1,walk,nonstationary_rbsp_greedy,rbsp,0.1,adaptive,8,0.015625,23,3,2,4,0.6666666666666666,0.1923076923076923,0.30952380952380953,0.05952380952380952,1,0,1,1,1,1,0.08695652173913043,0.5,2,445.345,473.18715,0,0,0,0,,9,0.6480000000000001,0.648,0.3
0.03626302083333333,2.297208552032983,0.037226182000469496,3.62352406970716,1.0,50.03125,5.5738293279140745,0.0009631611671361631,2297.208552032983,7003,0,walk,nonstationary_rbsp_greedy,rbsp,0.1,adaptive,8,0.015625,25,2,1,2,0.5,0.1111111111111111,0.140625,0.015625,1,0,0,0,1,1,0.04,0.5,1,427.932,458.3773,0,0,0,0,,9,0.6480000000000001,0.648,0.3
0.0017578125,3.3637428548019246,0.05331716561563206,3.349239022186503,1.0,37.90625,5.127679564886406,0.05155935311563206,3363.742854801924,7003,1,walk,nonstationary_rbsp_greedy,rbsp,0.1,adaptive,8,0.015625,26,3,1,3,0.3333333333333333,0.01652892561983471,1.0803571428571428,0.017857142857142856,1,0,1,0,1,1,0.038461538461538464,0.5,1,438.993,468.0043,0,0,0,0,,9,0.6480000000000001,0.648,0.3
0.29189453125,1.6634806302532992,0.0542957190234197,3.145825977016557,1.0,32.53125,4.971145116315161,0.23759881222658027,1663.480630253299,7004,0,walk,nonstationary_rbsp_greedy,rbsp,0.1,adaptive,8,0.015625,23,1,0,3,0.0,0.0,0.020833333333333332,0.0,0,0,0,0,1,0,0.0,0.0,0,435.3865,465.7715,0,0,0,0,,9,0.6480000000000001,0.648,0.3
0.06380208333333334,3.2511690822161596,0.05562360090156221,3.2202196863337855,1.0,26.625,4.775185820343113,0.008178482431771134,3251.169082216159,7004,1,walk,nonstationary_rbsp_greedy,rbsp,0.1,adaptive,8,0.015625,19,2,2,8,1.0,1.0,0.05208333333333333,0.05208333333333333,0,0,0,0,2,2,0.10526315789473684,1.0,2,423.36850000000004,450.9738,0,0,0,0,,9,0.6480000000000001,0.648,0.3
0.003255208333333333,2.8186894646236276,0.08027043220978794,3.0385333473173453,1.0,22.75,4.444440387791829,0.07701522387645461,2818.6894646236296,7005,0,walk,nonstationary_rbsp_greedy,rbsp,0.1,adaptive,8,0.015625,25,1,0,5,0.0,0.0,0.017857142857142856,0.0,0,0,0,0,1,0,0.0,0.0,0,431.82950000000005,465.7844,0,0,0,0,,9,0.6480000000000001,0.648,0.3
0.15950520833333334,4.084330090417454,0.04937678608334116,3.424373266408665,1.0,38.3125,5.2455069755462045,0.11012842224999218,4084.330090417455,7005,1,walk,nonstationary_rbsp_greedy,rbsp,0.1,adaptive,8,0.015625,23,2,2,7,1.0,1.0,0.03869047619047619,0.03869047619047619,0,0,0,0,2,2,0.08695652173913043,1.0,2,428.674,471.11985,0,0,0,0,,9,0.6480000000000001,0.648,0.3
0.28385416666666663,2.0436551944348897,0.059511923908678876,3.044050154692906,1.0,29.8125,4.749824149095187,0.22434224275798775,2043.6551944348894,7006,0,walk,nonstationary_rbsp_greedy,rbsp,0.1,adaptive,8,0.015625,21,1,0,7,0.0,0.0,0.0625,0.0,0,0,1,0,0,0,0.0,0.0,0,433.493,457.90305,0,0,0,0,,9,0.6480000000000001,0.648,0.3
0.0,4.6838434548700265,0.044777845276261566,4.5482016507189105,0.59375,42.5625,5.346787826048023,0.044777845276261566,4683.843454870028,7006,1,walk,nonstationary_rbsp_greedy,rbsp,0.1,adaptive,8,0.015625,19,1,0,2,0.0,0.0,1.0,0.0,1,0,0,0,0,0,0.0,0.0,0,425.12699999999995,459.46375,0,0,0,0,,9,0.6480000000000001,0.648,0.3
0.00126953125,3.6044107537692884,0.031636041882544444,3.922585581223418,0.90625,46.59375,5.572733974793643,0.030366510632544443,3604.4107537692867,7007,0,walk,nonstationary_rbsp_greedy,rbsp,0.1,adaptive,8,0.015625,26,3,2,4,0.6666666666666666,0.04,1.0416666666666665,0.041666666666666664,1,0,0,0,2,2,0.07692307692307693,0.5,2,439.73400000000004,466.31629999999996,0,0,0,0,,9,0.6480000000000001,0.648,0.3
0.06787109375,2.9490452290505296,0.03646293381769883,3.4261155844713094,1.0,46.1875,5.483924673385061,0.03140815993230117,2949.04522905053,7007,1,walk,nonstationary_rbsp_greedy,rbsp,0.1,adaptive,8,0.015625,24,1,0,3,0.0,0.0,0.020833333333333332,0.0,0,0,0,0,1,0,0.0,0.0,0,429.741,467.0922,0,0,0,0,,9,0.6480000000000001,0.648,0.3
0.10185546875,2.211570289345142,0.07317006435075422,2.9894056430561844,1.0,25.4375,4.5511183824351855,0.028685404399245773,2211.570289345142,7008,0,walk,nonstationary_rbsp_greedy,rbsp,0.1,adaptive,8,0.015625,24,4,3,8,0.75,0.2030360531309298,0.3136904761904762,0.06369047619047619,1,0,0,0,3,3,0.125,0.6666666666666666,3,423.8395,456.06255,0,0,0,0,,9,0.6480000000000001,0.648,0.3
0.15888671875,2.309506656247851,0.04310117206679899,3.348318843255347,1.0,38.40625,5.212747238168102,0.115785546683201,2309.506656247851,7008,1,walk,nonstationary_rbsp_greedy,rbsp,0.1,adaptive,8,0.015625,24,0,0,3,nan,nan,0.0,0.0,0,0,0,0,0,0,0.0,nan,0,427.727,463.57325000000003,0,0,0,0,,9,0.6480000000000001,0.648,0.3
0.06624348958333334,2.1479700515345526,0.08183447680876299,2.7842701205174647,1.0,21.0625,4.3298534688972055,0.015590987225429648,2147.970051534552,7009,0,walk,nonstationary_rbsp_greedy,rbsp,0.1,adaptive,8,0.015625,23,1,0,7,0.0,0.0,0.025,0.0,0,0,0,0,1,0,0.0,0.0,0,429.5305,458.55424999999997,0,0,0,0,,9,0.6480000000000001,0.648,0.3
0.0017578125,2.9518821971865905,0.0719982085054048,3.100772950075789,1.0,25.28125,4.563718905560581,0.0702403960054048,2951.8821971865896,7009,1,walk,nonstationary_rbsp_greedy,rbsp,0.1,adaptive,8,0.015625,20,1,1,9,1.0,1.0,0.03125,0.03125,0,0,0,0,1,1,0.05,1.0,1,428.038,466.52394999999996,0,0,0,0,,9,0.6480000000000001,0.648,0.3
0.17682291666666666,1.0927441155136832,0.097330825230127,2.802503278446469,0.96875,27.21875,4.52516511424477,0.07949209143653968,1092.744115513683,7000,0,walk,mismatch_bsp_greedy_allprobe,bsp,0.1,adaptive,8,0.015625,0,0,0,12,nan,nan,0.0,0.0,0,0,0,0,0,0,nan,nan,0,49.403,53.934799999999996,0,15,15,15,,0,0.6480000000000001,0.648,0.05
0.06328125,2.0814873302053094,0.06338997189014273,2.846884169789099,1.0,28.40625,4.648967734321435,0.00010872189014272948,2081.487330205311,7000,1,walk,mismatch_bsp_greedy_allprobe,bsp,0.1,adaptive,8,0.015625,0,0,0,17,nan,nan,0.0,0.0,0,0,0,0,0,0,nan,nan,0,51.757999999999996,73.7724,0,0,0,0,,0,0.6480000000000001,0.648,0.05
0.03203125,2.0199442468238527,0.06985769510850327,2.956335468609683,0.96875,30.1875,4.6939547097456,0.03782644510850326,2019.944246823853,7001,0,walk,mismatch_bsp_greedy_allprobe,bsp,0.1,adaptive,8,0.015625,0,0,0,14,nan,nan,0.0,0.0,0,0,0,0,0,0,nan,nan,0,49.843999999999994,51.35545,0,3,3,3,,0,0.6480000000000001,0.648,0.05
0.0033854166666666668,3.77253881221768,0.0853360169391072,3.5651650148464844,1.0,27.9375,4.689413588122982,0.08195060027244054,3772.5388122176805,7001,1,walk,mismatch_bsp_greedy_allprobe,bsp,0.1,adaptive,8,0.015625,0,0,0,19,nan,nan,0.0,0.0,0,0,0,0,0,0,nan,nan,0,49.3935,53.69845,0,1,1,1,,0,0.6480000000000001,0.648,0.05
0.06484375,2.7715275453606183,0.09154320052131601,3.242138246009738,1.0,28.3125,4.645900180459388,0.057871376696187034,2771.527545360619,7002,0,walk,mismatch_bsp_greedy_allprobe,bsp,0.1,adaptive,8,0.015625,0,0,0,11,nan,nan,0.0,0.0,0,0,0,0,0,0,nan,nan,0,51.5675,54.9975,0,11,11,11,,0,0.6480000000000001,0.648,0.05
0.0023437500000000003,1.7352633996829974,0.07117809423703933,3.413334756514374,0.96875,33.15625,4.866548182774565,0.06883434423703932,1735.2633996829982,7002,1,walk,mismatch_bsp_greedy_allprobe,bsp,0.1,adaptive,8,0.015625,0,0,0,12,nan,nan,0.0,0.0,0,0,0,0,0,0,nan,nan,0,49.563500000000005,56.0618,0,4,4,4,,0,0.6480000000000001,0.648,0.05
0.0033854166666666668,2.860769923377292,0.0824927426542008,3.3954583168968338,1.0,29.125,4.746956552050601,0.07910732598753412,2860.769923377291,7003,0,walk,mismatch_bsp_greedy_allprobe,bsp,0.1,adaptive,8,0.015625,0,0,0,14,nan,nan,0.0,0.0,0,0,0,0,0,0,nan,nan,0,51.1415,75.9079,0,1,1,1,,0,0.6480000000000001,0.648,0.05
0.0049479166666666664,3.2622796786162835,0.08589198279452251,3.95299959381214,0.9375,25.5625,4.527432025575007,0.08094406612785585,3262.2796786162853,7003,1,walk,mismatch_bsp_greedy_allprobe,bsp,0.1,adaptive,8,0.015625,0,0,0,16,nan,nan,0.0,0.0,0,0,0,0,0,0,nan,nan,0,49.769000000000005,73.32045000000001,0,8,8,8,,0,0.6480000000000001,0.648,0.05
0.11953125,1.1478911750508072,0.10583777786776291,2.439332475611362,1.0,15.34375,3.851337138382845,0.18561804118377917,1147.891175050807,7004,0,walk,mismatch_bsp_greedy_allprobe,bsp,0.1,adaptive,8,0.015625,0,0,0,22,nan,nan,0.0,0.0,0,0,0,0,0,0,nan,nan,0,49.849000000000004,52.8812,0,17,17,23,,0,0.6480000000000001,0.648,0.05
0.0013020833333333333,1.7411339858354398,0.10742597897269084,2.5319377633553346,1.0,13.40625,3.793798589097109,0.1061238956393575,1741.1339858354402,7004,1,walk,mismatch_bsp_greedy_allprobe,bsp,0.1,adaptive,8,0.015625,0,0,0,21,nan,nan,0.0,0.0,0,0,0,0,0,0,nan,nan,0,50.245000000000005,63.17794999999999,0,16,16,24,,0,0.6480000000000001,0.648,0.05
0.0013020833333333333,2.2975813389211606,0.10542925819733699,2.6237093776775517,1.0,14.78125,3.9024046746990866,0.10412717486400365,2297.5813389211608,7005,0,walk,mismatch_bsp_greedy_allprobe,bsp,0.1,adaptive,8,0.015625,0,0,0,19,nan,nan,0.0,0.0,0,0,0,0,0,0,nan,nan,0,49.9045,63.675299999999986,0,16,16,20,,0,0.6480000000000001,0.648,0.05
0.6614583333333334,0.5073526831566668,0.10531068324057646,2.292873007070832,1.0,14.25,3.863691300188998,0.5561476500927569,507.3526831566667,7005,1,walk,mismatch_bsp_greedy_allprobe,bsp,0.1,adaptive,8,0.015625,0,0,0,19,nan,nan,0.0,0.0,0,0,0,0,0,0,nan,nan,0,51.066500000000005,60.984049999999996,0,15,15,20,,0,0.6480000000000001,0.648,0.05
0.34869791666666666,1.0434026039026367,0.09396837406826034,2.5858625104255903,1.0,17.28125,4.034908973176821,0.26308791031312107,1043.4026039026369,7006,0,walk,mismatch_bsp_greedy_allprobe,bsp,0.1,adaptive,8,0.015625,0,0,0,17,nan,nan,0.0,0.0,0,0,0,0,0,0,nan,nan,0,49.459,75.1879,0,11,11,15,,0,0.6480000000000001,0.648,0.05
0.0,5.928102531499719,0.08091863630147295,3.6616332325066288,0.9375,30.25,4.722142520027926,0.08091863630147295,5928.102531499719,7006,1,walk,mismatch_bsp_greedy_allprobe,bsp,0.1,adaptive,8,0.015625,0,0,0,10,nan,nan,0.0,0.0,0,0,0,0,0,0,nan,nan,0,49.92400000000001,53.51635,0,8,8,8,,0,0.6480000000000001,0.648,0.05
0.06770833333333334,1.5801901156444311,0.11181341953755841,2.5609696340213772,0.96875,16.375,4.0150011299024415,0.04410508620422511,1580.1901156444312,7007,0,walk,mismatch_bsp_greedy_allprobe,bsp,0.1,adaptive,8,0.015625,0,0,0,19,nan,nan,0.0,0.0,0,0,0,0,0,0,nan,nan,0,50.265,52.05995,0,17,17,20,,0,0.6480000000000001,0.648,0.05
0.00078125,5.700178446476481,0.08601740132945705,4.0335809060675105,1.0,27.6875,4.674694394256676,0.08523615132945704,5700.1784464764805,7007,1,walk,mismatch_bsp_greedy_allprobe,bsp,0.1,adaptive,8,0.015625,0,0,0,21,nan,nan,0.0,0.0,0,0,0,0,0,0,nan,nan,0,49.974000000000004,51.13745,0,1,1,1,,0,0.6480000000000001,0.648,0.05
0.25,2.1399480135480657,0.10691451514695095,2.865158641910666,1.0,17.09375,4.098641541865286,0.21688679689346685,2139.9480135480667,7008,0,walk,mismatch_bsp_greedy_allprobe,bsp,0.1,adaptive,8,0.015625,0,0,0,16,nan,nan,0.0,0.0,0,0,0,0,0,0,nan,nan,0,51.081,54.5555,0,16,16,17,,0,0.6480000000000001,0.648,0.05
0.0023437500000000003,2.714699125162766,0.07257147371177662,2.935369353997624,0.90625,19.875,4.273138677344792,0.07022772371177662,2714.6991251627674,7008,1,walk,mismatch_bsp_greedy_allprobe,bsp,0.1,adaptive,8,0.015625,0,0,0,17,nan,nan,0.0,0.0,0,0,0,0,0,0,nan,nan,0,50.079,52.12695,0,0,0,0,,0,0.6480000000000001,0.648,0.05
0.0,2.104001131636847,0.09271778821064955,2.729222704076633,1.0,19.5,4.243326081082887,0.09271778821064955,2104.001131636848,7009,0,walk,mismatch_bsp_greedy_allprobe,bsp,0.1,adaptive,8,0.015625,0,0,0,22,nan,nan,0.0,0.0,0,0,0,0,0,0,nan,nan,0,50.039500000000004,53.264450000000004,0,2,2,2,,0,0.6480000000000001,0.648,0.05
0.0033854166666666668,2.846365876571212,0.08589683025175893,3.3257933779555082,1.0,27.75,4.680183232061775,0.08251141358509226,2846.3658765712125,7009,1,walk,mismatch_bsp_greedy_allprobe,bsp,0.1,adaptive,8,0.015625,0,0,0,19,nan,nan,0.0,0.0,0,0,0,0,0,0,nan,nan,0,52.449,75.49845,0,1,1,1,,0,0.6480000000000001,0.648,0.05
0.0054687500000000005,1.7155533448682203,0.06985872523237072,2.8943880472598558,1.0,22.6875,4.380632599992147,0.06438997523237072,1715.55334486822,7000,0,walk,mismatch_bsp_lookahead2_allprobe,bsp,0.1,lookahead2,8,0.015625,0,0,0,15,nan,nan,0.0,0.0,0,0,0,0,0,0,nan,nan,0,63.164,81.8526,0,0,0,0,,0,0.6480000000000001,0.648,0.05
0.34453125,0.9751389450159145,0.07642809359951151,2.730856481961279,1.0,26.75,4.677053015364118,0.29445798070994567,975.1389450159143,7000,1,walk,mismatch_bsp_lookahead2_allprobe,bsp,0.1,lookahead2,8,0.015625,0,0,0,23,nan,nan,0.0,0.0,0,0,0,0,0,0,nan,nan,0,63.064,69.42745000000001,0,4,4,4,,0,0.6480000000000001,0.648,0.05
0.00078125,4.116753571840493,0.06584999450980011,3.2418882474335113,1.0,31.5625,4.877905723575892,0.06506874450980012,4116.753571840493,7001,0,walk,mismatch_bsp_lookahead2_allprobe,bsp,0.1,lookahead2,8,0.015625,0,0,0,14,nan,nan,0.0,0.0,0,0,0,0,0,0,nan,nan,0,64.42150000000001,81.5561,0,0,0,0,,0,0.6480000000000001,0.648,0.05
0.0033854166666666668,3.77253881221768,0.08990335815799616,3.394878530773065,1.0,23.78125,4.511121387349191,0.08651794149132949,3772.5388122176805,7001,1,walk,mismatch_bsp_lookahead2_allprobe,bsp,0.1,lookahead2,8,0.015625,0,0,0,22,nan,nan,0.0,0.0,0,0,0,0,0,0,nan,nan,0,62.187,69.62899999999999,0,6,6,6,,0,0.6480000000000001,0.648,0.05
0.03359375,2.0522563714753894,0.07378813797207767,3.25089896690065,1.0,28.875,4.760599818665351,0.04019438797207769,2052.2563714753896,7002,0,walk,mismatch_bsp_lookahead2_allprobe,bsp,0.1,lookahead2,8,0.015625,0,0,0,19,nan,nan,0.0,0.0,0,0,0,0,0,0,nan,nan,0,65.674,89.6016,0,3,3,3,,0,0.6480000000000001,0.648,0.05
0.15859375,1.8217484907431567,0.0946807009894203,3.208006846538203,1.0,32.6875,4.830585975576883,0.09711994977510378,1821.7484907431567,7002,1,walk,mismatch_bsp_lookahead2_allprobe,bsp,0.1,lookahead2,8,0.015625,0,0,0,13,nan,nan,0.0,0.0,0,0,0,0,0,0,nan,nan,0,63.114000000000004,75.56145,0,12,12,13,,0,0.6480000000000001,0.648,0.05
0.0033854166666666668,2.378388717760258,0.09727113333494541,3.4451547818914663,1.0,24.625,4.498173061595109,0.09388571666827875,2378.3887177602583,7003,0,walk,mismatch_bsp_lookahead2_allprobe,bsp,0.1,lookahead2,8,0.015625,0,0,0,14,nan,nan,0.0,0.0,0,0,0,0,0,0,nan,nan,0,61.3705,85.79529999999998,0,13,13,14,,0,0.6480000000000001,0.648,0.05
0.03671875,1.9396507338865403,0.07620212438265082,3.145804641810456,1.0,26.15625,4.659069919951668,0.03948337438265082,1939.6507338865406,7003,1,walk,mismatch_bsp_lookahead2_allprobe,bsp,0.1,lookahead2,8,0.015625,0,0,0,14,nan,nan,0.0,0.0,0,0,0,0,0,0,nan,nan,0,62.247,102.86214999999999,0,2,2,2,,0,0.6480000000000001,0.648,0.05
0.12109375,1.1361442140707363,0.08520468008871698,2.560749505500501,1.0,24.375,4.4639027476160935,0.03668808381432319,1136.1442140707363,7004,0,walk,mismatch_bsp_lookahead2_allprobe,bsp,0.1,lookahead2,8,0.015625,0,0,0,18,nan,nan,0.0,0.0,0,0,0,0,0,0,nan,nan,0,61.8765,80.75745,0,7,7,8,,0,0.6480000000000001,0.648,0.05
0.032552083333333336,4.051912060433856,0.09895434349332113,3.1991948402894415,1.0,18.90625,4.180603712065253,0.06640226015998785,4051.912060433856,7004,1,walk,mismatch_bsp_lookahead2_allprobe,bsp,0.1,lookahead2,8,0.015625,0,0,0,20,nan,nan,0.0,0.0,0,0,0,0,0,0,nan,nan,0,61.315,85.3992,0,10,10,11,,0,0.6480000000000001,0.648,0.05
0.07552083333333333,2.312965977894487,0.07354710518968073,2.9872033836059346,1.0,20.40625,4.290571958218618,0.0019737281436525977,2312.9659778944865,7005,0,walk,mismatch_bsp_lookahead2_allprobe,bsp,0.1,lookahead2,8,0.015625,0,0,0,17,nan,nan,0.0,0.0,0,0,0,0,0,0,nan,nan,0,60.114000000000004,64.075,0,0,0,0,,0,0.6480000000000001,0.648,0.05
0.6875,0.5591826059882228,0.10825999110278252,2.3821037603600317,1.0,21.28125,4.309237788269751,0.5792400088972175,559.1826059882228,7005,1,walk,mismatch_bsp_lookahead2_allprobe,bsp,0.1,lookahead2,8,0.015625,0,0,0,19,nan,nan,0.0,0.0,0,0,0,0,0,0,nan,nan,0,59.838,81.519,0,17,17,22,,0,0.6480000000000001,0.648,0.05
0.0054687500000000005,4.346411692439853,0.07116894727191034,2.900903002215677,1.0,22.25,4.352590117068898,0.06570019727191034,4346.411692439853,7006,0,walk,mismatch_bsp_lookahead2_allprobe,bsp,0.1,lookahead2,8,0.015625,0,0,0,15,nan,nan,0.0,0.0,0,0,0,0,0,0,nan,nan,0,59.852999999999994,75.31739999999998,0,0,0,0,,0,0.6480000000000001,0.648,0.05
0.0,5.420844844542478,0.09994342143531318,4.768222433559535,0.625,32.4375,4.775629225639251,0.09994342143531318,5420.844844542477,7006,1,walk,mismatch_bsp_lookahead2_allprobe,bsp,0.1,lookahead2,8,0.015625,0,0,0,12,nan,nan,0.0,0.0,0,0,0,0,0,0,nan,nan,0,60.289,77.96594999999999,0,12,12,14,,0,0.6480000000000001,0.648,0.05
0.05598958333333333,2.265821034801627,0.0735355301280593,2.8792943911884663,1.0,20.125,4.259686871371418,0.017545946794725972,2265.8210348016264,7007,0,walk,mismatch_bsp_lookahead2_allprobe,bsp,0.1,lookahead2,8,0.015625,0,0,0,21,nan,nan,0.0,0.0,0,0,0,0,0,0,nan,nan,0,60.99,90.81385,0,0,0,0,,0,0.6480000000000001,0.648,0.05
0.09453125,2.475493706531607,0.08138307414485536,3.116817058736017,1.0,24.0625,4.544514757282979,0.01956695753792889,2475.493706531607,7007,1,walk,mismatch_bsp_lookahead2_allprobe,bsp,0.1,lookahead2,8,0.015625,0,0,0,22,nan,nan,0.0,0.0,0,0,0,0,0,0,nan,nan,0,61.411,79.40665,0,1,1,1,,0,0.6480000000000001,0.648,0.05
0.08723958333333333,3.1352905989591795,0.07291429244704457,2.830874825368464,0.96875,21.15625,4.318312910444982,0.014325290886288755,3135.29059895918,7008,0,walk,mismatch_bsp_lookahead2_allprobe,bsp,0.1,lookahead2,8,0.015625,0,0,0,12,nan,nan,0.0,0.0,0,0,0,0,0,0,nan,nan,0,60.434,80.3009,0,0,0,0,,0,0.6480000000000001,0.648,0.05
0.09609375,1.668472815592657,0.06875474399966464,3.1548919837283544,1.0,30.90625,4.894938219106561,0.02733900600033537,1668.472815592657,7008,1,walk,mismatch_bsp_lookahead2_allprobe,bsp,0.1,lookahead2,8,0.015625,0,0,0,12,nan,nan,0.0,0.0,0,0,0,0,0,0,nan,nan,0,60.274,83.04135,0,0,0,0,,0,0.6480000000000001,0.648,0.05
0.0,5.934697263301704,0.08650879546095923,3.748999523069604,1.0,24.59375,4.56442391896781,0.08650879546095924,5934.697263301703,7009,0,walk,mismatch_bsp_lookahead2_allprobe,bsp,0.1,lookahead2,8,0.015625,0,0,0,22,nan,nan,0.0,0.0,0,0,0,0,0,0,nan,nan,0,60.0785,80.3633,0,3,3,3,,0,0.6480000000000001,0.648,0.05
0.0033854166666666668,4.249495090372669,0.08251786717037358,3.4888956330931853,1.0,23.6875,4.530510743433599,0.07913245050370692,4249.49509037267,7009,1,walk,mismatch_bsp_lookahead2_allprobe,bsp,0.1,lookahead2,8,0.015625,0,0,0,21,nan,nan,0.0,0.0,0,0,0,0,0,0,nan,nan,0,59.5925,79.73285,0,1,1,1,,0,0.6480000000000001,0.648,0.05
0.020572916666666666,1.7439279363804494,0.05353227830399682,3.309832824476218,0.96875,31.1875,4.948860616429988,0.03295936163733015,1743.9279363804496,7000,0,walk,mismatch_rbsp_greedy_allprobe,rbsp,0.1,adaptive,8,0.015625,0,0,0,14,nan,nan,0.0,0.0,0,0,0,0,0,0,nan,nan,0,411.5815,449.01605,0,0,0,0,,9,0.6480000000000001,0.648,0.05
0.03203125,2.679064030941676,0.04353420906698756,3.607254224122997,0.96875,37.78125,5.241060141067617,0.011502959066987561,2679.064030941674,7000,1,walk,mismatch_rbsp_greedy_allprobe,rbsp,0.1,adaptive,8,0.015625,0,0,0,11,nan,nan,0.0,0.0,0,0,0,0,0,0,nan,nan,0,411.0105,443.16215,0,0,0,0,,9,0.6480000000000001,0.648,0.05
0.03203125,3.9500378208682547,0.03205477090451159,3.677488249958212,1.0,44.3125,5.553161493913631,2.3520904511589724e-05,3950.037820868254,7001,0,walk,mismatch_rbsp_greedy_allprobe,rbsp,0.1,adaptive,8,0.015625,0,0,0,7,nan,nan,0.0,0.0,0,0,0,0,0,0,nan,nan,0,416.19000000000005,443.7806,0,0,0,0,,9,0.6480000000000001,0.648,0.05
0.0033854166666666668,3.8040276008911995,0.08499483813382416,3.348825820520794,0.9375,20.34375,4.306670629216773,0.0816094214671575,3804.0276008911997,7001,1,walk,mismatch_rbsp_greedy_allprobe,rbsp,0.1,adaptive,8,0.015625,0,0,0,16,nan,nan,0.0,0.0,0,0,0,0,0,0,nan,nan,0,413.62,441.8699,0,0,0,0,,9,0.6480000000000001,0.648,0.05
0.0023437500000000003,2.7120782454800563,0.04636252797102856,3.4441128693463257,0.96875,33.125,5.087460909916165,0.04401877797102856,2712.078245480056,7002,0,walk,mismatch_rbsp_greedy_allprobe,rbsp,0.1,adaptive,8,0.015625,0,0,0,12,nan,nan,0.0,0.0,0,0,0,0,0,0,nan,nan,0,414.2065,440.56645,0,0,0,0,,9,0.6480000000000001,0.648,0.05
0.03359375,3.6641760326761488,0.04425090106994171,4.063805381743662,0.84375,36.59375,5.247699885532939,0.010657151069941709,3664.1760326761478,7002,1,walk,mismatch_rbsp_greedy_allprobe,rbsp,0.1,adaptive,8,0.015625,0,0,0,12,nan,nan,0.0,0.0,0,0,0,0,0,0,nan,nan,0,418.0585,442.08325,0,0,0,0,,9,0.6480000000000001,0.648,0.05
0.0033854166666666668,4.276593761205365,0.05445323544505146,3.6810014682964947,0.875,33.53125,5.089785224316416,0.05106781877838479,4276.593761205365,7003,0,walk,mismatch_rbsp_greedy_allprobe,rbsp,0.1,adaptive,8,0.015625,0,0,0,10,nan,nan,0.0,0.0,0,0,0,0,0,0,nan,nan,0,411.98249999999996,462.78554999999994,0,0,0,0,,9,0.6480000000000001,0.648,0.05
0.0049479166666666664,3.0246492094296085,0.06643559157342951,3.3829888139247495,1.0,29.34375,4.841101235184665,0.06148767490676285,3024.64920942961,7003,1,walk,mismatch_rbsp_greedy_allprobe,rbsp,0.1,adaptive,8,0.015625,0,0,0,13,nan,nan,0.0,0.0,0,0,0,0,0,0,nan,nan,0,423.67949999999996,437.48235,0,0,0,0,,9,0.6480000000000001,0.648,0.05
0.11953125,1.8663991872752177,0.07222280699128321,2.9159194759965215,1.0,25.46875,4.585285247073441,0.0473084430087168,1866.3991872752179,7004,0,walk,mismatch_rbsp_greedy_allprobe,rbsp,0.1,adaptive,8,0.015625,0,0,0,17,nan,nan,0.0,0.0,0,0,0,0,0,0,nan,nan,0,414.0615,457.71750000000003,0,0,0,0,,9,0.6480000000000001,0.648,0.05
0.0013020833333333333,1.7723839858354398,0.08920469633767311,2.6799371895841015,1.0,18.21875,4.189078068543968,0.08790261300433978,1772.3839858354402,7004,1,walk,mismatch_rbsp_greedy_allprobe,rbsp,0.1,adaptive,8,0.015625,0,0,0,21,nan,nan,0.0,0.0,0,0,0,0,0,0,nan,nan,0,415.88,454.45565,0,0,0,0,,9,0.6480000000000001,0.648,0.05
0.0013020833333333333,2.2835501310601063,0.08047077743932188,2.7588255996732274,1.0,21.625,4.407169771090628,0.07916869410598855,2283.5501310601067,7005,0,walk,mismatch_rbsp_greedy_allprobe,rbsp,0.1,adaptive,8,0.015625,0,0,0,15,nan,nan,0.0,0.0,0,0,0,0,0,0,nan,nan,0,414.13149999999996,450.4733,0,0,0,0,,9,0.6480000000000001,0.648,0.05
0.5677083333333334,0.8254197326839576,0.06699637229776104,2.7368507400119313,1.0,22.46875,4.527171530867679,0.5007119610355724,825.4197326839576,7005,1,walk,mismatch_rbsp_greedy_allprobe,rbsp,0.1,adaptive,8,0.015625,0,0,0,11,nan,nan,0.0,0.0,0,0,0,0,0,0,nan,nan,0,416.40549999999996,445.22565000000003,0,0,0,0,,9,0.6480000000000001,0.648,0.05
0.28619791666666666,1.374709300472535,0.05815382857282976,2.9968899423990183,1.0,26.34375,4.752768862130413,0.22804408809383692,1374.7093004725348,7006,0,walk,mismatch_rbsp_greedy_allprobe,rbsp,0.1,adaptive,8,0.015625,0,0,0,12,nan,nan,0.0,0.0,0,0,0,0,0,0,nan,nan,0,425.703,516.0512,0,0,0,0,,9,0.6480000000000001,0.648,0.05
0.1875,2.369058284431399,0.05757202621896985,3.2808716887548264,0.9375,30.84375,4.90256533972695,0.12992797378103016,2369.0582844313994,7006,1,walk,mismatch_rbsp_greedy_allprobe,rbsp,0.1,adaptive,8,0.015625,0,0,0,11,nan,nan,0.0,0.0,0,0,0,0,0,0,nan,nan,0,413.4955,443.81685000000004,0,0,0,0,,9,0.6480000000000001,0.648,0.05
0.005208333333333333,3.708972689482365,0.09205200754703736,3.3433959448445734,1.0,17.625,4.147403637971827,0.08684367421370404,3708.9726894823693,7007,0,walk,mismatch_rbsp_greedy_allprobe,rbsp,0.1,adaptive,8,0.015625,0,0,0,21,nan,nan,0.0,0.0,0,0,0,0,0,0,nan,nan,0,425.5085,441.58085,0,0,0,0,,9,0.6480000000000001,0.648,0.05
0.09453125,1.258341226960791,0.08235805256585121,2.6656402310251357,1.0,19.84375,4.292426460297019,0.012173197434148783,1258.3412269607907,7007,1,walk,mismatch_rbsp_greedy_allprobe,rbsp,0.1,adaptive,8,0.015625,0,0,0,23,nan,nan,0.0,0.0,0,0,0,0,0,0,nan,nan,0,414.793,461.5075,0,0,0,0,,9,0.6480000000000001,0.648,0.05
0.4375,1.1750282791453295,0.08679667533675808,2.6273791381768783,1.0,18.4375,4.226915841190165,0.35070332466324194,1175.0282791453294,7008,0,walk,mismatch_rbsp_greedy_allprobe,rbsp,0.1,adaptive,8,0.015625,0,0,0,17,nan,nan,0.0,0.0,0,0,0,0,0,0,nan,nan,0,416.085,445.3867,0,0,0,0,,9,0.6480000000000001,0.648,0.05
0.0023437500000000003,2.2297112982509533,0.07272455863344424,2.830608440462042,0.96875,24.0,4.556683833866055,0.07038080863344423,2229.7112982509543,7008,1,walk,mismatch_rbsp_greedy_allprobe,rbsp,0.1,adaptive,8,0.015625,0,0,0,17,nan,nan,0.0,0.0,0,0,0,0,0,0,nan,nan,0,423.3935,509.40969999999993,0,0,0,0,,9,0.6480000000000001,0.648,0.05
0.0,2.213829809350223,0.0722858231902733,3.0575091486552557,1.0,26.28125,4.721977184402654,0.0722858231902733,2213.8298093502235,7009,0,walk,mismatch_rbsp_greedy_allprobe,rbsp,0.1,adaptive,8,0.015625,0,0,0,18,nan,nan,0.0,0.0,0,0,0,0,0,0,nan,nan,0,415.539,447.44385,0,0,0,0,,9,0.6480000000000001,0.648,0.05
0.0033854166666666668,2.8747733994981894,0.08417263711059209,2.9955516764695127,1.0,20.6875,4.3316354288432315,0.08078722044392542,2874.7733994981895,7009,1,walk,mismatch_rbsp_greedy_allprobe,rbsp,0.1,adaptive,8,0.015625,0,0,0,16,nan,nan,0.0,0.0,0,0,0,0,0,0,nan,nan,0,413.325,441.752,0,0,0,0,,9,0.6480000000000001,0.648,0.05
0.158984375,1.6424027528889424,0.04780762576202632,3.4942482195267837,0.9375,32.96875,5.022863376273289,0.11117674923797369,1642.4027528889428,7000,0,walk,mismatch_rbsp_lookahead2_allprobe,rbsp,0.1,lookahead2,8,0.015625,0,0,0,16,nan,nan,0.0,0.0,0,0,0,0,0,0,nan,nan,0,433.64300000000003,478.74555,0,0,0,0,,9,0.6480000000000001,0.648,0.05
0.00078125,3.816346521053907,0.05649969250366548,3.3786456756949956,1.0,30.53125,4.92359320655224,0.055718442503665484,3816.3465210539075,7000,1,walk,mismatch_rbsp_lookahead2_allprobe,rbsp,0.1,lookahead2,8,0.015625,0,0,0,17,nan,nan,0.0,0.0,0,0,0,0,0,0,nan,nan,0,438.096,500.37745,0,0,0,0,,9,0.6480000000000001,0.648,0.05
0.00078125,3.715434701752404,0.060582539030924955,3.4989884393422326,0.9375,30.78125,4.871629455614512,0.05980128903092496,3715.4347017524005,7001,0,walk,mismatch_rbsp_lookahead2_allprobe,rbsp,0.1,lookahead2,8,0.015625,0,0,0,16,nan,nan,0.0,0.0,0,0,0,0,0,0,nan,nan,0,449.1875,499.95695,0,0,0,0,,9,0.6480000000000001,0.648,0.05
0.002734375,3.808856570494313,0.06873308052437004,3.0078160294351326,1.0,21.875,4.437603690112394,0.06599870552437004,3808.856570494313,7001,1,walk,mismatch_rbsp_lookahead2_allprobe,rbsp,0.1,lookahead2,8,0.015625,0,0,0,15,nan,nan,0.0,0.0,0,0,0,0,0,0,nan,nan,0,429.09950000000003,504.70685000000003,0,0,0,0,,9,0.6480000000000001,0.648,0.05
0.002734375,3.814076699586181,0.05576776167280168,3.6842282760529157,1.0,39.09375,5.219832210723185,0.053033386672801684,3814.07669958618,7002,0,walk,mismatch_rbsp_lookahead2_allprobe,rbsp,0.1,lookahead2,8,0.015625,0,0,0,8,nan,nan,0.0,0.0,0,0,0,0,0,0,nan,nan,0,454.052,497.44065,0,0,0,0,,9,0.6480000000000001,0.648,0.05
0.002734375,2.702964921599979,0.04918047582583707,3.536019023732592,0.9375,33.5625,5.029945946348498,0.04644610082583707,2702.9649215999793,7002,1,walk,mismatch_rbsp_lookahead2_allprobe,rbsp,0.1,lookahead2,8,0.015625,0,0,0,13,nan,nan,0.0,0.0,0,0,0,0,0,0,nan,nan,0,458.861,508.3262,0,0,0,0,,9,0.6480000000000001,0.648,0.05
0.013151041666666665,2.692244246896451,0.0693858505586166,3.07287893546911,1.0,24.71875,4.628622422376432,0.05623480889194993,2692.2442468964505,7003,0,walk,mismatch_rbsp_lookahead2_allprobe,rbsp,0.1,lookahead2,8,0.015625,0,0,0,13,nan,nan,0.0,0.0,0,0,0,0,0,0,nan,nan,0,429.375,482.56854999999996,0,0,0,0,,9,0.6480000000000001,0.648,0.05
0.03745659722222222,2.3843201684452824,0.05811222304926152,3.1337447675683796,1.0,28.78125,4.853848311380047,0.020655625827039302,2384.3201684452824,7003,1,walk,mismatch_rbsp_lookahead2_allprobe,rbsp,0.1,lookahead2,8,0.015625,0,0,0,13,nan,nan,0.0,0.0,0,0,0,0,0,0,nan,nan,0,448.1205,488.47985,0,0,0,0,,9,0.6480000000000001,0.648,0.05
0.13901909722222222,1.164598891564854,0.06610667575710545,3.0215411219356927,1.0,28.15625,4.733713608279394,0.07291242146511677,1164.598891564854,7004,0,walk,mismatch_rbsp_lookahead2_allprobe,rbsp,0.1,lookahead2,8,0.015625,0,0,0,15,nan,nan,0.0,0.0,0,0,0,0,0,0,nan,nan,0,440.5605,502.931,0,0,0,0,,9,0.6480000000000001,0.648,0.05
0.0013020833333333333,1.9268924830229135,0.07426070358237016,2.813440847629262,1.0,20.6875,4.392206785935446,0.07295862024903683,1926.8924830229141,7004,1,walk,mismatch_rbsp_lookahead2_allprobe,rbsp,0.1,lookahead2,8,0.015625,0,0,0,19,nan,nan,0.0,0.0,0,0,0,0,0,0,nan,nan,0,435.9075,495.02565,0,0,0,0,,9,0.6480000000000001,0.648,0.05
0.0013020833333333333,2.2835501310601063,0.08182065175193107,2.7526798319252457,1.0,19.59375,4.3158942612466396,0.08051856841859774,2283.5501310601067,7005,0,walk,mismatch_rbsp_lookahead2_allprobe,rbsp,0.1,lookahead2,8,0.015625,0,0,0,17,nan,nan,0.0,0.0,0,0,0,0,0,0,nan,nan,0,430.95799999999997,477.81715,0,0,0,0,,9,0.6480000000000001,0.648,0.05
0.6614583333333334,0.4816697326839576,0.08107857946628827,2.531386161021094,1.0,21.46875,4.396275876678339,0.5803797538670451,481.66973268395753,7005,1,walk,mismatch_rbsp_lookahead2_allprobe,rbsp,0.1,lookahead2,8,0.015625,0,0,0,19,nan,nan,0.0,0.0,0,0,0,0,0,0,nan,nan,0,470.713,591.6283999999999,0,0,0,0,,9,0.6480000000000001,0.648,0.05
0.3499565972222222,0.9940940419306823,0.05061366633546546,3.1669469551360723,1.0,32.65625,4.975594033382933,0.2993429308867568,994.094041930682,7006,0,walk,mismatch_rbsp_lookahead2_allprobe,rbsp,0.1,lookahead2,8,0.015625,0,0,0,12,nan,nan,0.0,0.0,0,0,0,0,0,0,nan,nan,0,479.4495,526.1808,0,0,0,0,,9,0.6480000000000001,0.648,0.05
0.0,6.481496225096396,0.04439190116039347,3.9586166394070874,0.875,39.375,5.258464691433608,0.04439190116039347,6481.496225096395,7006,1,walk,mismatch_rbsp_lookahead2_allprobe,rbsp,0.1,lookahead2,8,0.015625,0,0,0,10,nan,nan,0.0,0.0,0,0,0,0,0,0,nan,nan,0,442.3645,519.5808999999999,0,0,0,0,,9,0.6480000000000001,0.648,0.05
0.005208333333333333,3.708972689482365,0.0908670374539893,3.3873182006414835,0.96875,18.3125,4.182293329589981,0.08565870412065597,3708.9726894823693,7007,0,walk,mismatch_rbsp_lookahead2_allprobe,rbsp,0.1,lookahead2,8,0.015625,0,0,0,23,nan,nan,0.0,0.0,0,0,0,0,0,0,nan,nan,0,443.4765,471.0875,0,0,0,0,,9,0.6480000000000001,0.648,0.05
0.00078125,4.799565172182313,0.06939159781614482,4.312805289116617,0.6875,24.96875,4.607568250472932,0.06861034781614482,4799.565172182312,7007,1,walk,mismatch_rbsp_lookahead2_allprobe,rbsp,0.1,lookahead2,8,0.015625,0,0,0,16,nan,nan,0.0,0.0,0,0,0,0,0,0,nan,nan,0,453.741,489.41255,0,0,0,0,,9,0.6480000000000001,0.648,0.05
0.4375,1.1750282791453295,0.08732420744045953,2.620406133225949,1.0,18.5,4.226633423649433,0.35017579255954046,1175.0282791453294,7008,0,walk,mismatch_rbsp_lookahead2_allprobe,rbsp,0.1,lookahead2,8,0.015625,0,0,0,18,nan,nan,0.0,0.0,0,0,0,0,0,0,nan,nan,0,458.685,471.7304,0,0,0,0,,9,0.6480000000000001,0.648,0.05
0.002734375,1.8823741227129671,0.06521050930772604,2.8127727063550143,1.0,26.6875,4.685825028469615,0.06247613430772604,1882.3741227129672,7008,1,walk,mismatch_rbsp_lookahead2_allprobe,rbsp,0.1,lookahead2,8,0.015625,0,0,0,14,nan,nan,0.0,0.0,0,0,0,0,0,0,nan,nan,0,455.154,483.11255,0,0,0,0,,9,0.6480000000000001,0.648,0.05
0.0,2.4206496960969344,0.06459415640602824,3.236801353293254,0.96875,27.5,4.723436259765837,0.06459415640602824,2420.6496960969343,7009,0,walk,mismatch_rbsp_lookahead2_allprobe,rbsp,0.1,lookahead2,8,0.015625,0,0,0,12,nan,nan,0.0,0.0,0,0,0,0,0,0,nan,nan,0,460.3635,474.3095,0,0,0,0,,9,0.6480000000000001,0.648,0.05
0.013151041666666665,3.0023000481988724,0.061519243184272834,3.6115964874795803,1.0,30.8125,4.903391713980239,0.048368201517606166,3002.300048198873,7009,1,walk,mismatch_rbsp_lookahead2_allprobe,rbsp,0.1,lookahead2,8,0.015625,0,0,0,16,nan,nan,0.0,0.0,0,0,0,0,0,0,nan,nan,0,446.17150000000004,478.90015,0,0,0,0,,9,0.6480000000000001,0.648,0.05
