condition,mismatch,method,param,n_seeds,n_trajectories,robust_model_count,hit,hit_low,hit_high,peak,peak_low,peak_high,logloss,logloss_low,logloss_high,utility,utility_low,utility_high,raw_completion,raw_completion_low,raw_completion_high,gate_us_p50,gate_us_p50_low,gate_us_p50_high,attacker_local_violation_rate,attacker_local_violation_rate_low,attacker_local_violation_rate_high,attacker_absolute_violation_rate,attacker_absolute_violation_rate_low,attacker_absolute_violation_rate_high,client_violation_rate,client_violation_rate_low,client_violation_rate_high
robust_nominal_bsp_0.05,nominal,bsp,0.05,20,80,0,0.034642753802910056,0.0237642337859623,0.04658707456235532,0.039915492717486414,0.03936013545781183,0.04062639399274126,3.6629039010554636,3.599767721031578,3.7203147430766483,0.3285198555956679,0.2753484898771988,0.3862899762457558,0.031111838722666662,0.025613886910954533,0.03686422936139525,51.683693749999996,50.91362484375,53.08830999999999,0.0,0.0,0.0,0.0,0.0,0.0,0.0,0.0,0.0
robust_nominal_rbsp_0.05,nominal,rbsp,0.05,20,80,9,0.031140382151124336,0.021769915222490905,0.0411305687313988,0.03169784121935536,0.030692626921977446,0.032939055715571576,3.801315655005837,3.7369202256055676,3.854007055305513,0.19494584837545126,0.14538435140700068,0.25,0.018222071644920557,0.013358042506643268,0.0232734948776772,423.3726,421.72762390624996,424.87966390625,0.0,0.0,0.0,0.0,0.0,0.0,0.0,0.0,0.0
robust_nominal_bsp_0.1,nominal,bsp,0.1,20,80,0,0.06270682263058776,0.04602193561884173,0.0797817587143759,0.06719509547405747,0.06522247986843088,0.06943231712037223,3.388592419773797,3.3119244746042447,3.465596480382881,0.5090252707581228,0.4492679680567879,0.5622756475282342,0.04811523296057564,0.041952199828514836,0.053779605170440926,50.73001875,50.472945625,50.989805,0.0,0.0,0.0,0.0,0.0,0.0,0.0,0.0,0.0
robust_nominal_rbsp_0.1,nominal,rbsp,0.1,20,80,9,0.03467224508429146,0.02628912814529978,0.04392625247428714,0.050590346057622596,0.04813660943920885,0.053303710005325876,3.5731888537790333,3.4915256960303465,3.6473533981627604,0.3971119133574007,0.3224616259872384,0.47213239138011154,0.03697944941868316,0.03026289890253386,0.043421407968179886,422.42853125,420.3026637500001,424.7533775,0.0,0.0,0.0,0.0,0.0,0.0,0.0,0.0,0.0
robust_nominal_bsp_0.2,nominal,bsp,0.2,20,80,0,0.0884621988913351,0.07231804624132307,0.1068403205977531,0.09909819382162872,0.0947435919084838,0.10442115281605067,3.2630562540498156,3.1535689079553495,3.363091760458138,0.6931407942238267,0.6630026455026454,0.7243880268346392,0.06574463601683156,0.059837792571852386,0.07203212349234261,50.68619375,50.56097671875,50.829116875,0.0,0.0,0.0,0.0,0.0,0.0,0.0,0.0,0.0
robust_nominal_rbsp_0.2,nominal,rbsp,0.2,20,80,9,0.07271784125244621,0.0509459284324121,0.09838342697777355,0.07470019285479115,0.07051281944754041,0.07918091419463086,3.343258269367861,3.237193951226963,3.439727273577092,0.555956678700361,0.48619201190771516,0.6237038821755998,0.05274092808504553,0.045803224884309136,0.06001449349567326,422.88909375000003,421.16708656250006,424.80186671875,0.0,0.0,0.0,0.0,0.0,0.0,0.0,0.0,0.0
robust_nominal_bsp_0.4,nominal,bsp,0.4,20,80,0,0.12323852076971917,0.09790895393580228,0.14858097534744164,0.12809502306849102,0.1193942767908908,0.13709343429250337,3.028633382256049,2.920007888692059,3.1325860350688832,0.8664259927797834,0.8345864661654135,0.9,0.08215170409940445,0.07311783917224632,0.09171139399809144,50.79390000000001,50.63785015625,50.95816703125001,0.0,0.0,0.0,0.0,0.0,0.0,0.0,0.0,0.0
robust_nominal_rbsp_0.4,nominal,rbsp,0.4,20,80,9,0.09615518743638583,0.07087873209670628,0.12757613002815424,0.10533127126666772,0.09911925322522752,0.11366817831501798,3.196055398263775,3.091658982059143,3.290535023059714,0.7184115523465704,0.6892637163561076,0.75,0.06827726364820527,0.06179179328604336,0.07521506172767521,421.64040000000006,419.64238109375003,423.70357734375006,0.0,0.0,0.0,0.0,0.0,0.0,0.0,0.0,0.0
robust_alpha_low_bsp_0.05,alpha_low,bsp,0.05,20,80,0,0.0566850353422619,0.041009863475012405,0.07313588234230324,0.057292496151581565,0.05393166938960869,0.060590751955341006,3.6222359255482415,3.5227874221149404,3.7211589460430043,0.34296028880866425,0.28203971119133575,0.40302280731175577,0.03234687474368632,0.02588093646330737,0.03836099399791842,51.14813125,50.97284921875,51.341147812500004,0.15598958333333332,0.13514973958333334,0.17552083333333332,0.5197916666666667,0.4465234375,0.58986328125,0.0,0.0,0.0
robust_alpha_low_rbsp_0.05,alpha_low,rbsp,0.05,20,80,9,0.031140382151124336,0.021769915222490905,0.0411305687313988,0.03169784121935536,0.030692626921977446,0.032939055715571576,3.801315655005837,3.7369202256055676,3.854007055305513,0.19494584837545126,0.14538435140700068,0.25,0.018222071644920557,0.013358042506643268,0.0232734948776772,421.34529999999995,419.16901281250006,423.3341165625,0.0,0.0,0.0,0.0,0.0,0.0,0.0,0.0,0.0
robust_alpha_low_bsp_0.1,alpha_low,bsp,0.1,20,80,0,0.08492904485280997,0.05957525183410981,0.11826295967885127,0.08620332802360044,0.08128863135267539,0.09243384280538593,3.3194568811264475,3.203716514428803,3.4211976970996254,0.5415162454873647,0.4874411018484958,0.5926033591731266,0.05120421797250461,0.044846992352626076,0.05734810776274978,50.588162499999996,50.46273609375,50.721036562500004,0.12604166666666666,0.10416015625000001,0.14973958333333334,0.31796875,0.2622200520833334,0.38281901041666666,0.0,0.0,0.0
robust_alpha_low_rbsp_0.1,alpha_low,rbsp,0.1,20,80,9,0.03467224508429146,0.02628912814529978,0.04392625247428714,0.050590346057622596,0.04813660943920885,0.053303710005325876,3.5731888537790333,3.4915256960303465,3.6473533981627604,0.3971119133574007,0.3224616259872384,0.47213239138011154,0.03697944941868316,0.03026289890253386,0.043421407968179886,423.18885625,421.20200703125,425.32511124999996,0.0,0.0,0.0,0.0,0.0,0.0,0.0,0.0,0.0
robust_alpha_low_bsp_0.2,alpha_low,bsp,0.2,20,80,0,0.11290881347466844,0.0879499590994657,0.139559763675254,0.11149653171586778,0.10420201840721796,0.12113176836635846,3.2143028439194183,3.087556818688315,3.3166860448216435,0.703971119133574,0.6594901534372357,0.7519539678734116,0.06667062255436759,0.05954225911126446,0.07437208286601478,50.611725,50.49528140625,50.74060734375,0.06640625,0.048951822916666665,0.08723958333333333,0.11328125,0.08020182291666668,0.15184244791666665,0.0,0.0,0.0
robust_alpha_low_rbsp_0.2,alpha_low,rbsp,0.2,20,80,9,0.07271784125244621,0.0509459284324121,0.09838342697777355,0.07470019285479115,0.07051281944754041,0.07918091419463086,3.343258269367861,3.237193951226963,3.439727273577092,0.555956678700361,0.48619201190771516,0.6237038821755998,0.05274092808504553,0.045803224884309136,0.06001449349567326,420.1332875,418.4327121875,421.96920218749995,0.0,0.0,0.0,0.0,0.0,0.0,0.0,0.0,0.0
robust_alpha_low_bsp_0.4,alpha_low,bsp,0.4,20,80,0,0.11646768743638583,0.09215912119971623,0.1422659759310562,0.12813211820656953,0.12045206865447566,0.1364320024633745,3.063840731399816,2.975440618761681,3.1560761822149086,0.8736462093862816,0.8438496561014469,0.9055960548885077,0.08287752685517344,0.07474189261445814,0.091784319666281,50.99029375,50.8035334375,51.16530609375,0.011458333333333333,0.00703125,0.016145833333333335,0.012760416666666666,0.0078125,0.01796875,0.0,0.0,0.0
robust_alpha_low_rbsp_0.4,alpha_low,rbsp,0.4,20,80,9,0.09615518743638583,0.07087873209670628,0.12757613002815424,0.10533127126666772,0.09911925322522752,0.11366817831501798,3.196055398263775,3.091658982059143,3.290535023059714,0.7184115523465704,0.6892637163561076,0.75,0.06827726364820527,0.06179179328604336,0.07521506172767521,421.4195125,419.1413254687499,423.62827875,0.0,0.0,0.0,0.0,0.0,0.0,0.0,0.0,0.0
robust_alpha_high_bsp_0.05,alpha_high,bsp,0.05,20,80,0,0.04513018249834656,0.03489429808924438,0.05615297896773727,0.03799208386790655,0.03677212501596951,0.03939574385249354,3.7200372285776284,3.649502308208026,3.782317098281816,0.26353790613718414,0.2155927666369967,0.31482905982905984,0.024846519023507575,0.01983281536267828,0.02966709357837837,50.9002375,50.741642031249995,51.072788124999995,0.03984375,0.0296875,0.050520833333333334,0.0921875,0.061197916666666664,0.12657552083333332,0.0,0.0,0.0
robust_alpha_high_rbsp_0.05,alpha_high,rbsp,0.05,20,80,9,0.031140382151124336,0.021769915222490905,0.0411305687313988,0.03169784121935536,0.030692626921977446,0.032939055715571576,3.801315655005837,3.7369202256055676,3.854007055305513,0.19494584837545126,0.14538435140700068,0.25,0.018222071644920557,0.013358042506643268,0.0232734948776772,427.02885625,425.0194996875,429.08967515624994,0.0,0.0,0.0,0.0,0.0,0.0,0.0,0.0,0.0
robust_alpha_high_bsp_0.1,alpha_high,bsp,0.1,20,80,0,0.047465213834291455,0.03328047088384868,0.06446014395773603,0.06300566009014599,0.06089950771883057,0.06530578676572002,3.475147075193216,3.3933620855993714,3.5563964574275224,0.4729241877256318,0.4025052777411268,0.5398586956521738,0.04446724754463684,0.036761308841043255,0.05181473688887842,51.004425,50.86526765625,51.13243296875,0.026041666666666668,0.017708333333333333,0.034902343749999995,0.05859375,0.037760416666666664,0.07995442708333332,0.0,0.0,0.0
robust_alpha_high_rbsp_0.1,alpha_high,rbsp,0.1,20,80,9,0.03467224508429146,0.02628912814529978,0.04392625247428714,0.050590346057622596,0.04813660943920885,0.053303710005325876,3.5731888537790333,3.4915256960303465,3.6473533981627604,0.3971119133574007,0.3224616259872384,0.47213239138011154,0.03697944941868316,0.03026289890253386,0.043421407968179886,424.2603312499999,422.18387828125003,426.0831521875,0.0,0.0,0.0,0.0,0.0,0.0,0.0,0.0,0.0
robust_alpha_high_bsp_0.2,alpha_high,bsp,0.2,20,80,0,0.08064969889133511,0.06326578184431834,0.10510222606424842,0.08913060640635054,0.08438608804949665,0.0947648505168883,3.2653300873406104,3.179304875571078,3.339188284502661,0.6462093862815884,0.6050575924724205,0.684564359770032,0.06092117019709059,0.054033245801809564,0.06799216107695265,51.08666875,50.936322656250006,51.23770125,0.003125,0.0010416666666666667,0.005208333333333333,0.0049479166666666664,0.0015625,0.008854166666666666,0.0,0.0,0.0
robust_alpha_high_rbsp_0.2,alpha_high,rbsp,0.2,20,80,9,0.07271784125244621,0.0509459284324121,0.09838342697777355,0.07470019285479115,0.07051281944754041,0.07918091419463086,3.343258269367861,3.237193951226963,3.439727273577092,0.555956678700361,0.48619201190771516,0.6237038821755998,0.05274092808504553,0.045803224884309136,0.06001449349567326,422.92386874999994,420.73249421875,425.26847562500006,0.0,0.0,0.0,0.0,0.0,0.0,0.0,0.0,0.0
robust_alpha_high_bsp_0.4,alpha_high,bsp,0.4,20,80,0,0.11145466660305248,0.08745919930399747,0.13538472052597564,0.12730687531651208,0.11873904072022132,0.13663037750362036,3.0660791315611036,2.9561385479484232,3.171116728330658,0.8447653429602888,0.8142140195786759,0.8711889578788388,0.08001414612182131,0.07168678635494685,0.08795381945927336,50.85839375,50.6850625,51.03213125,0.00026041666666666666,0.0,0.00078125,0.00026041666666666666,0.0,0.00078125,0.0,0.0,0.0
robust_alpha_high_rbsp_0.4,alpha_high,rbsp,0.4,20,80,9,0.09615518743638583,0.07087873209670628,0.12757613002815424,0.10533127126666772,0.09911925322522752,0.11366817831501798,3.196055398263775,3.091658982059143,3.290535023059714,0.7184115523465704,0.6892637163561076,0.75,0.06827726364820527,0.06179179328604336,0.07521506172767521,422.89785625,420.38488249999995,425.69737453125,0.0,0.0,0.0,0.0,0.0,0.0,0.0,0.0,0.0
robust_move_low_bsp_0.05,move_low,bsp,0.05,20,80,0,0.03447673817791005,0.025101276054584162,0.04559177814463458,0.038223222718509656,0.03712835784819443,0.0397577251615424,3.7232252681104243,3.6464130810292135,3.8020456088899075,0.26353790613718414,0.20071622576924508,0.32642916666666666,0.02483387529956354,0.0182090307447641,0.03109898821125389,51.27563124999999,51.088618437499996,51.46745671875001,0.037760416666666664,0.02994140625,0.0453125,0.0859375,0.06432291666666666,0.10781901041666667,0.0,0.0,0.0
robust_move_low_rbsp_0.05,move_low,rbsp,0.05,20,80,9,0.031140382151124336,0.021769915222490905,0.0411305687313988,0.03169784121935536,0.030692626921977446,0.032939055715571576,3.801315655005837,3.7369202256055676,3.854007055305513,0.19494584837545126,0.14538435140700068,0.25,0.018222071644920557,0.013358042506643268,0.0232734948776772,426.00238125,423.9136912500001,428.03573453125,0.0,0.0,0.0,0.0,0.0,0.0,0.0,0.0,0.0
robust_move_low_bsp_0.1,move_low,bsp,0.1,20,80,0,0.05605100665836553,0.041336347573593196,0.0721094607232893,0.06266458583713301,0.05938503273911795,0.06618334466121163,3.4835539926029604,3.394715781962459,3.5694694112492065,0.4693140794223827,0.3951027175671304,0.5434861948587749,0.04436497382049395,0.03752959283259489,0.05098972386207269,51.64475625,51.40487421874999,51.951473593749995,0.027864583333333335,0.01953125,0.036464843749999996,0.07005208333333333,0.04686848958333333,0.09661458333333334,0.0,0.0,0.0
robust_move_low_rbsp_0.1,move_low,rbsp,0.1,20,80,9,0.03467224508429146,0.02628912814529978,0.04392625247428714,0.050590346057622596,0.04813660943920885,0.053303710005325876,3.5731888537790333,3.4915256960303465,3.6473533981627604,0.3971119133574007,0.3224616259872384,0.47213239138011154,0.03697944941868316,0.03026289890253386,0.043421407968179886,426.24339999999995,424.5659525,428.00458156250005,0.0,0.0,0.0,0.0,0.0,0.0,0.0,0.0,0.0
robust_move_low_bsp_0.2,move_low,bsp,0.2,20,80,0,0.07566923014133511,0.05760921885648409,0.09657356453767586,0.08694843947906968,0.08240311961877976,0.09287409370416642,3.280185537232461,3.1592754194807697,3.382216283443671,0.6101083032490975,0.5555459770114943,0.6666970802919707,0.05796621348260644,0.050893350301126614,0.06567457332080316,51.798312499999994,51.65653796875,51.9526609375,0.006510416666666667,0.003639322916666667,0.009635416666666667,0.009114583333333334,0.004166666666666667,0.015364583333333333,0.0,0.0,0.0
robust_move_low_rbsp_0.2,move_low,rbsp,0.2,20,80,9,0.07271784125244621,0.0509459284324121,0.09838342697777355,0.07470019285479115,0.07051281944754041,0.07918091419463086,3.343258269367861,3.237193951226963,3.439727273577092,0.555956678700361,0.48619201190771516,0.6237038821755998,0.05274092808504553,0.045803224884309136,0.06001449349567326,429.21605625,427.3048601562501,431.45494562500005,0.0,0.0,0.0,0.0,0.0,0.0,0.0,0.0,0.0
robust_move_low_bsp_0.4,move_low,bsp,0.4,20,80,0,0.11168253118638585,0.09017273085346934,0.13578235517552287,0.11170834222277488,0.10584965429999033,0.11851723584550194,3.1645200301278154,3.0614453391177507,3.278083421684068,0.7581227436823105,0.7228019105984139,0.794377857505715,0.07192022604126207,0.0655192682485846,0.0789290668032961,51.535843750000005,51.398014218750006,51.6855659375,0.0,0.0,0.0,0.0,0.0,0.0,0.0,0.0,0.0
robust_move_low_rbsp_0.4,move_low,rbsp,0.4,20,80,9,0.09615518743638583,0.07087873209670628,0.12757613002815424,0.10533127126666772,0.09911925322522752,0.11366817831501798,3.196055398263775,3.091658982059143,3.290535023059714,0.7184115523465704,0.6892637163561076,0.75,0.06827726364820527,0.06179179328604336,0.07521506172767521,426.36670625,424.2461551562499,428.47116390625,0.0,0.0,0.0,0.0,0.0,0.0,0.0,0.0,0.0
robust_move_high_bsp_0.05,move_high,bsp,0.05,20,80,0,0.0506630291005291,0.038735167488219244,0.06403911965990822,0.04904429992221005,0.04803509009921862,0.05013703849721709,3.644999230656002,3.5499890784152823,3.7570639300980284,0.35018050541516244,0.2862060508554387,0.4095617670456003,0.032982249360533455,0.026803412315229952,0.03885776959396587,51.5746875,51.42285546875,51.729172031249995,0.15677083333333333,0.1453125,0.16796875,0.5049479166666667,0.46900390625,0.5414127604166666,0.0,0.0,0.0
robust_move_high_rbsp_0.05,move_high,rbsp,0.05,20,80,9,0.031140382151124336,0.021769915222490905,0.0411305687313988,0.03169784121935536,0.030692626921977446,0.032939055715571576,3.801315655005837,3.7369202256055676,3.854007055305513,0.19494584837545126,0.14538435140700068,0.25,0.018222071644920557,0.013358042506643268,0.0232734948776772,424.9212625,423.2337703125,427.0825943750001,0.0,0.0,0.0,0.0,0.0,0.0,0.0,0.0,0.0
robust_move_high_bsp_0.1,move_high,bsp,0.1,20,80,0,0.07978581568614332,0.06278858061688675,0.09855710302391171,0.08410767316891968,0.08100005660791909,0.08735315904608507,3.3615499297661104,3.255140977621214,3.4676321912127404,0.5523465703971119,0.49274681268388365,0.6021703036053131,0.051866585754783624,0.04455033292807776,0.05834073271528245,51.37259375,51.143708593750006,51.62572578125,0.14583333333333334,0.13410807291666668,0.15755208333333334,0.35833333333333334,0.3223828125,0.39323567708333335,0.0,0.0,0.0
robust_move_high_rbsp_0.1,move_high,rbsp,0.1,20,80,9,0.03467224508429146,0.02628912814529978,0.04392625247428714,0.050590346057622596,0.04813660943920885,0.053303710005325876,3.5731888537790333,3.4915256960303465,3.6473533981627604,0.3971119133574007,0.3224616259872384,0.47213239138011154,0.03697944941868316,0.03026289890253386,0.043421407968179886,423.61608749999994,421.6748,425.54071890625005,0.0,0.0,0.0,0.0,0.0,0.0,0.0,0.0,0.0
robust_move_high_bsp_0.2,move_high,bsp,0.2,20,80,0,0.12124214680800179,0.09868788264475441,0.14801180097969455,0.11659121351877957,0.11064976353861371,0.12423180113065448,3.1501275032305145,3.0294829398252983,3.2576454331769753,0.7545126353790613,0.7148008237497985,0.7956989247311828,0.0717319990761737,0.06440426199309487,0.07996789821165376,51.198725,51.060637656249995,51.3340021875,0.084375,0.07057291666666667,0.1015625,0.15104166666666666,0.12604166666666666,0.17943359374999998,0.0,0.0,0.0
robust_move_high_rbsp_0.2,move_high,rbsp,0.2,20,80,9,0.07271784125244621,0.0509459284324121,0.09838342697777355,0.07470019285479115,0.07051281944754041,0.07918091419463086,3.343258269367861,3.237193951226963,3.439727273577092,0.555956678700361,0.48619201190771516,0.6237038821755998,0.05274092808504553,0.045803224884309136,0.06001449349567326,425.35755625,423.61304765625005,426.95656906249997,0.0,0.0,0.0,0.0,0.0,0.0,0.0,0.0,0.0
robust_move_high_bsp_0.4,move_high,bsp,0.4,20,80,0,0.13468817354749696,0.10900833946267617,0.16315810953804535,0.1380812428251123,0.12910117153508446,0.14858902028528556,3.0106444404437136,2.898857692656765,3.1142669869567072,0.924187725631769,0.8996536691843088,0.9522102591036414,0.08763883278570254,0.07921132922602792,0.09641150273023821,51.0541875,50.881235,51.243084062499996,0.029166666666666667,0.020833333333333332,0.03958984374999999,0.03723958333333333,0.026028645833333336,0.05156901041666666,0.0,0.0,0.0
robust_move_high_rbsp_0.4,move_high,rbsp,0.4,20,80,9,0.09615518743638583,0.07087873209670628,0.12757613002815424,0.10533127126666772,0.09911925322522752,0.11366817831501798,3.196055398263775,3.091658982059143,3.290535023059714,0.7184115523465704,0.6892637163561076,0.75,0.06827726364820527,0.06179179328604336,0.07521506172767521,423.93575625000005,421.78581578125,425.84539468750006,0.0,0.0,0.0,0.0,0.0,0.0,0.0,0.0,0.0
